,tag,time,alt,range,V,Vz,LD,pDOH,eff_p,mass,m_fl,m_bat,m_NOx,m_CO,oem,m_py,eff,P_req,P_tot,P_motor,P_power_el,P_cables,P_battery,P_loss_motor,P_loss_power_el,P_loss_cables,P_loss_battery,P_GT_out,P_GT_in,P_GT_loss,eta_GT
0,0,0.0,0,0.0,0.0,0.0,0.0,0.0,0.0,19320.82788991059,0.0,0.0,0.0,0.0,11550,5000,0.0,0.0,0.0,0.0,0.0,0.0,0.0,0.0,0.0,0.0,0.0,0.0,0.0,0.0,0.06208974790458665
1,takeoff,13.916,0,0.0,53.495,0.0,6.154,0.0,0.64,19318.36310236327,2.4647875473198724,0.0,0.022614082360269464,0.008084042392893427,11550,5000,0.21556873529032924,1647594.900713881,7643014.18058092,0.0,0.0,0.0,0.0,0.0,0.0,0.0,0.0,832118.6367241823,2729628.0551549597,1897509.4184307773,0.30484689485540306
2,climbout,3.933,30,0.0,63.222,7.629,10.5,0.0,0.8,19317.526870999405,0.8362313638658468,0.0,0.008881698288259828,0.0019515329023698414,11550,5000,0.2820670731062343,2586881.4620726123,9171157.177563652,0.0,0.0,0.0,0.0,0.0,0.0,0.0,0.0,1306505.7889255618,3820659.4776882543,2514153.6887626927,0.3419581872070112
3,climbout,3.932,60,0.0,63.222,7.63,10.5,0.0,0.8,19316.69143253261,0.8354384667939705,0.0,0.008865804607610342,0.0019532477199012957,11550,5000,0.28227507416746017,2586958.989024173,9164673.843959227,0.0,0.0,0.0,0.0,0.0,0.0,0.0,0.0,1306544.9439516026,3817307.827597228,2510762.8836456253,0.3422686885521612
4,climbout,3.932,90,0.0,63.222,7.63,10.5,0.0,0.8,19315.856626843906,0.8348056887039824,0.0,0.008851173604716201,0.0019556353288702234,11550,5000,0.282479285636373,2586847.1090166606,9157652.40339297,0.0,0.0,0.0,0.0,0.0,0.0,0.0,0.0,1306488.4388973033,3813748.03718064,2507259.5982833365,0.34257334940856266
5,climbout,3.932,120,0.0,63.222,7.631,10.5,0.0,0.8,19315.022402786864,0.8342240570429763,0.0,0.008837536278207036,0.001957857963896986,11550,5000,0.2826862302082211,2586924.8023028513,9151223.249881586,0.0,0.0,0.0,0.0,0.0,0.0,0.0,0.0,1306527.677930733,3810422.5411306014,2503894.8631998687,0.3428826236008643
6,climbout,3.931,150,0.0,63.222,7.632,10.5,0.0,0.8,19314.188972014268,0.8334307725955322,0.0,0.008821673393087617,0.001959584437434577,11550,5000,0.28289261690210793,2587002.5571123464,9144821.754070563,0.0,0.0,0.0,0.0,0.0,0.0,0.0,0.0,1306566.9480365387,3807109.410289179,2500542.46225264,0.34319133159277787
7,climbout,3.931,180,0.0,63.222,7.619,10.5,0.0,0.8,19313.35684224726,0.8321297670092689,0.0,0.008794300757116793,0.0019641875478671085,11550,5000,0.28305339739492713,2584427.7910991334,9130530.899416264,0.0,0.0,0.0,0.0,0.0,0.0,0.0,0.0,1305266.5611611786,3800708.8833745434,2495442.3222133648,0.3434271345723982
8,climbout,3.938,210,0.0,63.222,7.601,10.5,0.0,0.8,19312.524790474883,0.8320517723773168,0.0,0.008777690987056134,0.0019731392900632534,11550,5000,0.2831978220049928,2580906.0914290436,9113439.055274732,0.0,0.0,0.0,0.0,0.0,0.0,0.0,0.0,1303487.9249641635,3793214.0092262095,2489726.084262046,0.34363680029486826
9,climbout,3.946,240,0.0,63.222,7.583,10.5,0.0,0.8,19311.69260936729,0.8321811075950929,0.0,0.008763288620044624,0.001982601868870313,11550,5000,0.2833419537267667,2577384.696042803,9096375.111919487,0.0,0.0,0.0,0.0,0.0,0.0,0.0,0.0,1301709.4424458602,3785731.128432942,2484021.685987082,0.3438462474710102
10,climbout,3.957,270,0.0,63.222,7.564,10.5,0.0,0.8,19310.8597230944,0.8328862728892957,0.0,0.00875451929887559,0.0019937543919694655,11550,5000,0.2834825093265562,2573674.1295616636,9078775.744139237,0.0,0.0,0.0,0.0,0.0,0.0,0.0,0.0,1299835.4189705371,3778038.3179816804,2478202.8990111435,0.3440503535350432
11,climb,3.966,300,0.0,63.222,7.546,10.5,0.004171696264226411,0.8,19310.02944522026,0.8302778741386919,0.03476099198579375,0.008686587970093782,0.002013239842702211,11550,5000,0.284134386296882,2570153.2189887604,9045555.001228532,5700.105572644815,5935.136997755951,5995.087876521163,6310.618817390698,285.005278632241,235.03142511113546,59.950878765211684,315.5309408695352,1292642.081013442,3758055.0958817187,2465413.0148682767,0.34396570780188657
12,climb,34.119,544,2821.404,83.34,7.017,16.0,0.01328345610247586,0.73,19303.103793353435,6.925651866825451,0.940307102665392,0.07079947407820515,0.017831252596213605,11550,5000,0.2632092184029842,2315940.802325935,8798859.007970357,16354.969688266498,17029.331203942624,17201.344650447096,18106.678579417996,817.7484844133256,674.3615156761274,172.01344650447112,905.3339289709006,1154129.8506779324,3383364.3447480593,2229234.494070127,0.3411189966784006
13,climb,34.773,788,2876.205,83.34,6.883,16.0,0.022569872024848975,0.73,19296.209669562642,6.894123790791512,1.6098723949790974,0.0689971214630858,0.01869806624142496,11550,5000,0.26534163702219493,2289735.474927091,8629386.253223283,27474.235321563654,28607.07551183221,28896.035870537584,30416.879863723774,1373.711766078184,1132.8401902685546,288.9603587053761,1520.8439931861901,1130331.5344884999,3303128.410642791,2172796.8761542914,0.3422003004323215
14,climb,35.45,1032,2933.149,83.34,6.749,16.0,0.032037086370695654,0.73,19289.34723854559,6.862431017052947,2.303003624482555,0.06722249392737116,0.019574097050086114,11550,5000,0.267510334891405,2263552.0540386466,8461549.92463199,38552.69147251552,40142.327647350605,40547.80570439455,42681.90074146795,1927.6345736257779,1589.6361748350828,405.47805704394585,2134.0950370733995,1106583.051201437,3223662.713313902,2117079.662112465,0.34326886824455577
15,climb,36.156,1276,2992.366,83.34,6.614,16.0,0.041692843828761456,0.73,19282.516239936747,6.830998608843503,3.0212163411418884,0.06547589647966237,0.02046330796234288,11550,5000,0.2697120032061239,2237201.205932891,8294778.057108342,49588.134233108365,51632.7928291424,52154.336191052935,54899.30125373993,2479.4067116554206,2044.6585960340376,521.5433619105298,2744.9650626869993,1082790.8714345526,3144751.8009029566,2061960.9294684043,0.344316798268038
16,climb,36.891,1520,3053.996,83.34,6.48,16.0,0.051544889087791916,0.73,19275.715873763747,6.800366173000326,3.766532368829811,0.06376855992004236,0.021363030154592202,11550,5000,0.27195670088647206,2211061.29977269,8130196.066379311,60589.53187830534,63087.80911943496,63725.059716600976,67079.01022800103,3029.4765939152694,2498.2772411296223,637.2505971660103,3353.9505114000544,1059137.5708634332,3066850.957590728,2007713.386727295,0.3453501932469114
17,climb,37.655,1764,3118.189,83.34,6.345,16.0,0.06160096683653259,0.73,19268.94670523799,6.76916852575451,4.539913243029721,0.062079314673175644,0.022275050174214935,11550,5000,0.27424036561437914,2184753.7303324444,7966565.116838118,71548.61355034544,74498.7646296808,75251.27740371798,79211.87095128208,3577.4306775172754,2950.1510793353573,752.5127740371804,3960.5935475641077,1035439.7920425478,2989482.504324371,1954042.7122818232,0.3463608803680085
18,climb,38.454,2008,3185.112,83.34,6.211,16.0,0.07187042411312465,0.73,19262.207552656455,6.7391525815374616,5.344538287837255,0.06043128754555012,0.023199967294037088,11550,5000,0.2765706129277309,2158656.696085359,7805083.3862433005,82479.30476464178,85880.1590635587,86747.63541773606,91313.30043972218,4123.965238232093,3400.854298916922,867.4763541773614,4565.665021986113,1011875.3150621555,2913047.57004556,1901172.2549834044,0.34735969486633883
19,climb,39.287,2252,3254.941,83.34,6.076,16.0,0.08236234089747665,0.73,19255.49885561562,6.708697040834965,6.181294561863783,0.05880171203322914,0.024138421878410917,11550,5000,0.2789437292081333,2132391.81942923,7644523.235860771,93369.90003127098,97219.80428079028,98201.82250584877,103370.33947984081,4668.495001563553,3849.904249519292,982.0182250584886,5168.516973992045,988264.1603385905,2837181.916890378,1848917.7565517875,0.3483259760169882
20,climb,40.157,2496,3327.873,83.34,5.942,16.0,0.093086598344195,0.73,19248.819985703536,6.67886991208369,7.053605481720028,0.057206279618760125,0.025089551823961137,11550,5000,0.2813709330770496,2106337.0204083505,7485979.441350322,104238.03731858617,108536.06551289688,109632.38940696654,115402.51516522795,5211.901865929313,4298.028194310713,1096.3238940696663,5770.125758261403,964780.4405111566,2762227.610964602,1797447.1704534455,0.34927622788269935
21,climb,41.067,2740,3404.118,83.34,5.807,16.0,0.10405387878258388,0.73,19242.17122239708,6.648763306456117,7.962937834693044,0.05563010579548383,0.026055571732458472,11550,5000,0.283845871499066,2080114.2517112098,7328323.081556796,115068.55725756692,119813.15832732915,121023.39224982742,127393.04447350255,5753.427862878351,4744.6010697622305,1210.2339224982752,6369.652223675133,941247.6239948112,2687755.1946411524,1746507.570646341,0.3501984205523893
22,climb,42.019,2984,3483.91,83.34,5.672,16.0,0.1152753986584127,0.73,19235.55244964158,6.618772755501489,8.912491795373745,0.05407987815059981,0.027035561603430628,11550,5000,0.28637320900519225,2053912.3869206319,7172152.709590206,125872.17927258258,131062.24414054828,132386.105192473,139353.79493944527,6293.608963629134,5190.064867965708,1323.8610519247313,6967.68974697227,917750.9180348,2614010.267068496,1696259.3490336959,0.35108925530886287
23,climb,43.017,3228,3567.503,83.34,5.537,16.0,0.12676344265038128,0.73,19228.96350001247,6.588949629110111,9.905569104154187,0.052555038482977816,0.02803066191729382,11550,5000,0.2889590537940471,2027731.2941875702,7017365.4971642345,136651.8870925728,142286.42970905124,143723.66637277903,151288.06986608318,6832.594354628646,5634.542616478425,1437.2366637277917,7564.403493304166,894287.4214982024,2540944.2625126177,1646656.8410144155,0.3519508218625325
24,climb,44.064,3472,3655.177,83.34,5.403,16.0,0.1385310966118873,0.73,19222.40378598567,6.559714026800017,10.946567684636042,0.051061361554792684,0.029040793729615776,11550,5000,0.291610954950535,2001759.4730625344,6864486.532757612,147424.73947718585,153503.4771732464,155054.01734671355,163214.75510180375,7371.236973859299,6078.737696060553,1550.5401734671368,8160.737755090195,870936.1303565393,2468655.6036883118,1597719.4733317725,0.3527977450784594
25,climb,45.164,3716,3747.238,83.34,5.268,16.0,0.15059251462925882,0.73,19215.873634037733,6.530151947934722,12.037434904500804,0.04958558647303797,0.030067219809224596,11550,5000,0.2943203809966174,1975619.408063937,6712479.106523862,158167.72706577144,164689.42843166538,166352.95801178322,175108.37685450865,7908.386353288579,6521.701365893944,1663.5295801178338,8755.41884272544,847528.2391177883,2396821.252556135,1549293.0134383466,0.35360510852193333
26,climb,46.32,3960,3844.026,83.34,5.133,16.0,0.1629626519635217,0.73,19209.373179475842,6.500454561888636,13.183013424183617,0.04813127546787575,0.031109294500940084,11550,5000,0.2971005916189234,1949499.7169286835,6561749.696645549,168897.2056740208,175861.31369639817,177637.6906024224,186987.042739392,8444.860283701048,6964.1080223773615,1776.3769060242255,9349.352136969608,824143.4712403285,2325620.5579056563,1501477.0866653277,0.35437572498177133
27,climb,47.538,4204,3945.916,83.34,4.998,16.0,0.17565806622509744,0.73,19202.90237445805,6.470805017790407,14.388435219363846,0.046699513873264265,0.032168360709602835,11550,5000,0.2999550673966947,1923400.2957532238,6412294.722827604,179617.6377080233,187023.77937111963,188912.9084556764,198855.69311123833,8980.881885401173,7406.141663096331,1889.1290845567657,9942.784655561925,800777.5349618343,2254993.4285590663,1454215.893597232,0.3551130237543657
28,climb,48.822,4448,4053.323,83.34,4.863,16.0,0.18869638325733795,0.73,19196.461539914373,6.44083454367809,15.658669030223898,0.04528635576861732,0.03324398687228188,11550,5000,0.302897002345939,1897321.021821389,6263914.819647031,190333.66012536568,198181.65360825247,200183.48849318433,210719.461571773,9516.683006268293,7847.993482886792,2001.834884931845,10535.973078588659,777425.9631947355,2184982.477282549,1407556.5140878132,0.3558042095429598
29,climb,50.177,4692,4166.709,83.34,4.728,16.0,0.20209656419475827,0.73,19190.05139082692,6.410149087451094,16.99937912747046,0.043887615272464285,0.034335725508789286,11550,5000,0.3059428765560619,1871261.8086181602,6116376.461130856,201050.28295087692,209340.1530100759,211454.70001017768,222583.89474755546,10052.514147543856,8289.870059199,2114.547000101779,11129.194737377782,754083.9527209902,2115623.797933011,1361539.8452120207,0.35643574885938556
30,climb,51.611,4936,4286.59,83.34,4.593,16.0,0.2158797066377341,0.73,19183.671976519243,6.379414307678005,18.41779960306143,0.042510368833772176,0.03544513385533967,11550,5000,0.3090760509118617,1845222.6058185706,5970124.829713084,211773.58576577794,220505.60783608697,222732.93720816867,234455.72337701966,10588.679288288906,8732.022070309036,2227.3293720816887,11722.786168850993,730745.7025217891,2046709.6480230268,1315963.9455012376,0.35703437623780027
31,climb,53.128,5180,4413.539,83.34,4.457,16.0,0.23006797641957166,0.73,19177.32422273551,6.347753783732467,19.918233935762448,0.04114645875129812,0.03656980491051361,11550,5000,0.3122939592689804,1819015.1043630708,5824688.72795693,222486.50937663356,231660.25549420403,234000.25807495357,246316.0611315301,11124.325468831688,9173.746117570472,2340.0025807495376,12315.803056576515,707332.3132452642,1977998.7772835745,1270666.46403831,0.3575999749689724
32,climb,54.74,5424,4548.205,83.34,4.322,16.0,0.2446867440723685,0.73,19171.007983388427,6.316239347085208,21.514646494848204,0.03980584916026326,0.03771332148303105,11550,5000,0.3156316749402443,1793015.714619556,5680721.730349185,233241.45522639566,242858.65808662603,245311.7758450768,258222.9219421861,11662.072761319792,9617.202860230384,2453.11775845077,12911.146097109317,683984.1097670231,1910010.2591664656,1226026.1493994426,0.3581049402664025
33,climb,56.452,5668,4691.31,83.34,4.187,16.0,0.25976271541938506,0.73,19164.723505753496,6.284477634928757,23.21327626671657,0.03848616058176726,0.03887348453502202,11550,5000,0.3190626523240826,1767036.0429298333,5538210.22316017,244024.49800923903,254086.31612790402,256652.84457364044,270160.8890248847,12201.224900461963,10061.81811866499,2566.528445736407,13508.044451244246,660619.1728153812,1842684.5096853103,1182065.3368699292,0.35850910415923576
34,climb,58.275,5912,4843.679,83.34,4.052,16.0,0.2753255339244405,0.73,19158.471837485635,6.251668267862097,25.025420380360675,0.037178680842617516,0.04004939519081801,11550,5000,0.32262972271100265,1741075.9865499446,5396514.530403397,254844.59096219324,265352.55202227534,268032.8808305811,282139.8745585065,12742.229548109673,10507.961060082094,2680.3288083058137,14106.993727925335,637228.9449242724,1775829.275079933,1138600.3301556606,0.35883457597329543
35,climb,60.22,6156,5006.239,83.34,3.916,16.0,0.29140778069191264,0.73,19152.25468791917,6.2171495664663015,26.96048030711309,0.035877857626315034,0.04123880583150425,11550,5000,0.32633144541308573,1714947.5684701423,5255232.349120634,265682.65014932276,276637.4949493157,279431.8130801169,294138.75061064935,13284.132507466149,10954.844799992892,2794.3181308011713,14706.937530532481,613736.6179491244,1709234.152134024,1095497.5341848996,0.3590711180108694
36,climb,62.302,6400,5180.05,83.34,3.781,16.0,0.30804604269966834,0.73,19146.071774277003,6.182913642165728,29.0394934362609,0.03460317441467036,0.04244695197392739,11550,5000,0.3301540735777347,1689026.7593068765,5115874.358306821,276607.1287710412,288012.42062790634,290921.6369978852,306233.3021030371,13830.356438552073,11405.291856865082,2909.2163699788543,15311.665105151867,590267.0454992667,1643307.4952058948,1053040.449706628,0.35919451911543215
37,climb,64.531,6644,5366.322,83.34,3.646,16.0,0.32527957750790054,0.73,19139.925404363825,6.146369913176913,31.274117974142136,0.032002721953113517,0.06631624808622288,11550,5000,0.33416549504695225,1663125.3914145702,4976951.2893031975,287602.7244348714,299461.3957047807,302486.2582876573,318406.5876712182,14380.136221743584,11858.671269909306,3024.8625828765757,15920.329383560924,566739.7306831197,1577662.2368411638,1010922.5061580441,0.3592275440514192
38,climb,66.927,6888,5566.446,83.34,3.51,16.0,0.34315298384145426,0.73,19133.818862138145,6.10654222568,33.681195219419834,0.02932451356661342,0.09239022983327434,11550,5000,0.3383980038940926,1637055.7635153048,4837663.770698982,298649.9574508915,310964.1372874755,314105.1891792682,330637.041241335,14932.497872544587,12314.17983658402,3141.0518917926847,16531.852062066762,543078.3805808979,1511997.5818820547,968919.2013011568,0.35917939756550576
39,climb,69.509,7132,5782.026,83.34,3.375,16.0,0.3617159345315941,0.73,19127.753656772973,6.065205365171598,36.290361229939904,0.02669340084902535,0.11889613975863912,11550,5000,0.3428365607683467,1611193.5922237863,4699596.765913375,309832.2147381941,322607.4705728801,325866.1318917981,343016.9809387349,15491.610736909717,12775.255834686042,3258.661318917984,17150.84904693676,519393.5334854764,1446752.469854776,927358.9363692997,0.3590064951039017
40,climb,72.299,7376,6014.921,83.34,3.239,16.0,0.38102397769070184,0.73,19121.732852736357,6.020804036617286,39.119519419778634,0.02409298240020085,0.14592325583358418,11550,5000,0.3474715115322866,1585163.3781587782,4561995.229964304,321097.95621248696,334337.73033370153,337714.879124951,355489.3464473169,16054.897810624361,13239.77412121457,3377.148791249513,17774.46732236586,495544.5063247931,1382132.997669793,886588.4913449999,0.358536050553931
41,climb,75.322,7620,6267.306,83.34,3.104,16.0,0.4011393378869744,0.73,19115.756064692785,5.976788043573361,42.20782308668432,0.021571688146602618,0.17315212550530765,11550,5000,0.352159633903505,1559340.5526092406,4427936.658511277,332542.70962997316,346254.3832048867,349751.90222715825,368159.89708121924,16627.135481498673,13711.673574913502,3497.5190222715855,18407.994854060977,471630.1594925561,1320098.5873114823,848468.4278189262,0.3572688919038084
42,cruise,134.326,7620,18657.88,138.9,0.0,14.5,0.25067725042617217,0.86,19103.453061619024,12.303003073762273,45.99694925707577,0.06307534387617748,0.1313932963975589,11550,5000,0.3942502547255426,1796365.6038313776,4556409.494476846,239398.18730919735,249269.24959308346,251787.1208010944,265039.0745274678,11969.909365459878,9871.062283886096,2517.8712080109462,13251.9537263734,679827.0775266553,1720788.403943308,1040961.3264166525,0.3950672121969114
43,cruise,134.326,7620,18657.879,138.9,0.0,14.5,0.24922188230864256,0.86,19091.13551313194,12.317548487084007,45.700470702287575,0.06329243327019136,0.1298309118531054,11550,5000,0.3939360246895991,1795209.4532992856,4557109.126320235,237855.11913318295,247662.5563652467,250164.19834873406,263330.7351039306,11892.755956659157,9807.437232063761,2501.6419834873427,13166.536755196541,680709.0778837216,1722755.5397532133,1042046.4618694916,0.3951280737029201
44,cruise,134.326,7620,18657.88,138.9,0.0,14.5,0.24776651419111292,0.86,19078.80345218135,12.332060950588843,45.404301299429136,0.06350936633666697,0.12826802354273262,11550,5000,0.39362215002995843,1794051.9358905656,4557802.287686354,236313.65998587105,246057.53851090278,248542.9681928311,261624.17704508538,11815.682999293564,9743.878525031743,2485.429681928313,13081.20885225428,681588.859321789,1724717.9988572719,1043129.1395354827,0.39518858142222796
45,cruise,134.326,7620,18657.879,138.9,0.0,14.5,0.24631114607358331,0.86,19066.456911766178,12.346540415172097,45.108441736001396,0.06372614005763509,0.12670466428249508,11550,5000,0.39330863038026476,1792893.0547016123,4558488.973324027,234773.81344546616,244454.19975579565,246923.4340967633,259919.40431238242,11738.690672273318,9680.3863103295,2469.234340967635,12995.970215619132,682466.4200053993,1726675.7754316006,1044209.3554262015,0.3952487373229115
46,cruise,134.326,7620,18657.88,138.9,0.0,14.5,0.2448557779560537,0.86,19054.095924934634,12.360986831542501,44.812892697779546,0.06394275141299402,0.1251408669006266,11550,5000,0.3929954653841192,1791732.8128334347,4559169.177899216,233235.58308119036,242852.5438163165,245305.5998144611,258216.4208573275,11661.779154059528,9616.960735126126,2453.055998144613,12910.821042866386,683341.7581099573,1728628.8636869767,1045287.1055770194,0.39530854335757415
47,cruise,134.326,7620,18657.879,138.9,0.0,14.5,0.2434004098385241,0.86,19041.720524784407,12.375400150226325,44.51765486880989,0.06415919738057609,0.12357666423703867,11550,5000,0.3926826546949982,1790571.213391673,4559842.895995581,231698.97245326775,241252.57439948744,243689.46909039136,256515.2306214646,11584.948622663398,9553.601946219695,2436.894690903916,12825.761531073242,684214.8718217559,1730577.2578695035,1046362.3860477475,0.39536800146333023
48,cruise,134.326,7620,18657.88,138.9,0.0,14.5,0.24194504172099446,0.86,19029.33074446283,12.389780321577804,44.222728931406934,0.0643754749363095,0.12201208914212479,11550,5000,0.39237019797614303,1789408.2594866178,4560510.122115385,230163.985112909,239654.29520294562,242075.04565954104,254815.837536359,11508.19925564546,9490.310090036639,2420.7504565954123,12740.79187681796,685085.759337998,1732520.95226022,1047435.1929222221,0.3954271135620298
49,cruise,134.326,7620,18657.879,138.9,0.0,14.5,0.24048967360346485,0.86,19016.926617167042,12.404127295786479,43.92811556615029,0.06459158105433561,0.12044717447587942,11550,5000,0.39205809490049875,1788243.9542332245,4561170.850679838,228630.6246022953,238057.70991492638,240462.33324740038,253118.24552357936,11431.531230114775,9427.085312631078,2404.623332474006,12655.912276178979,685954.4188668218,1734459.94117544,1048505.5223086182,0.39548588156031544
50,cruise,134.326,7620,18657.88,138.9,0.0,14.5,0.23903430548593524,0.86,19004.508176144158,12.418441022884977,43.633815451881595,0.06480751270713365,0.11888195310695822,11550,5000,0.3917463451504831,1787078.3007511287,4561825.076031407,227098.89445456213,236462.8222142463,238851.33556994575,251422.45849467974,11354.944722728116,9363.927759684146,2388.5133556994597,12571.122924733998,686820.8486273219,1736394.2189667502,1049573.3703394283,0.39554430734975493
51,cruise,134.326,7620,18657.879,138.9,0.0,14.5,0.23757893736840563,0.86,18992.0754546914,12.432721452758468,43.33982926570138,0.06502326686567234,0.11731645791153562,11550,5000,0.391434948417953,1785911.3021646633,4562472.7924338635,225568.7981937833,234869.63577028664,237242.05633362287,249728.48035118196,11278.439909689176,9300.837576503343,2372.4205633362308,12486.42401755911,687685.0468495743,1738323.7800213574,1050638.733171783,0.3956023928068943
52,cruise,134.326,7620,18657.88,138.9,0.0,14.5,0.236123569250876,0.86,18979.62848615625,12.446968535151827,43.046157682965905,0.06523884049952798,0.11575072177240142,11550,5000,0.3911239044040513,1784742.9616028687,4563113.9940736955,224040.339334954,233278.15424297584,235634.49923532913,248036.314984557,11202.016966747711,9237.814908021835,2356.3449923532935,12401.81574922786,688547.0117746568,1740248.6187618482,1051701.6069871914,0.3956601397934418
53,cruise,134.326,7620,18657.88,138.9,0.0,14.5,0.23466820113334638,0.86,18967.16730393657,12.461182219678076,42.752801377284015,0.06545423057702332,0.11418477757789873,11550,5000,0.3908132128190522,1783573.2821995092,4563748.675061582,222513.52138397514,231688.38128277293,234028.6679623969,246345.96627620727,11125.676069198767,9174.8598987978,2340.286679623971,12317.298313810374,689406.7416546728,1742168.7296460888,1052761.987991416,0.3957175501564201
54,cruise,134.326,7620,18657.879,138.9,0.0,14.5,0.23321283301581677,0.86,18954.69194148074,12.475362455828199,42.45976102051386,0.06566943406538832,0.11261865822069732,11550,5000,0.39050287338223305,1782402.2670930836,4564376.829433539,220988.3478376356,230100.3205306493,232424.56619257506,244657.43809744745,11049.41739188179,9111.972693013706,2324.2456619257528,12232.871904872383,690264.2347527733,1744084.1071678568,1053819.8724150835,0.3957746257281501
55,cruise,134.326,7620,18657.88,138.9,0.0,14.5,0.23175746489828716,0.86,18942.202432287762,12.489509192979396,42.16703728275972,0.06588444793089869,0.1110523965967213,11550,5000,0.3901928858216653,1781229.919426837,4564998.45115304,219464.82218359597,228513.9756180716,230822.1975940117,242970.734309486,10973.241109179808,9049.153434475627,2308.221975940119,12148.53671547431,691119.4893431782,1745994.7458562488,1054875.2565130703,0.3958313683265113
56,cruise,134.326,7620,18657.879,138.9,0.0,14.5,0.23030209678075753,0.86,18929.69880990736,12.503622380403216,41.87463083236869,0.06609926913901411,0.1094860256040746,11550,5000,0.3898832498741735,1780056.2423487725,4565613.534111167,217942.9479003714,226929.35016698396,229221.56582523632,241285.85876340666,10897.14739501858,8986.402266612558,2292.2156582523653,12064.292938170343,691972.5037111989,1747900.6402759315,1055928.1365647325,0.39588777975501
57,cruise,134.326,7620,18657.88,138.9,0.0,14.5,0.22884672866322792,0.86,18917.181107940087,12.51770196727468,41.58254233592736,0.06631389465453237,0.10791957814184236,11550,5000,0.3895739652850168,1778881.2390116593,4566222.0721300235,216422.7284573141,225346.4477897898,227622.6745351412,239602.81530014865,10821.136422865715,8923.719332475668,2276.226745351414,11980.140765007443,692823.2761532583,1749801.7850272376,1056978.5088739793,0.39594386180288055
58,cruise,134.326,7620,18657.879,138.9,0.0,14.5,0.2273913605456983,0.86,18904.649360037405,12.53174790268085,41.290772458258516,0.06652832144173677,0.10635308710893711,11550,5000,0.3892650318078719,1777704.9125730437,4566824.058962632,214904.16731459653,223765.27208933415,226025.5273629638,237921.6077504882,10745.208365729835,8861.104774737625,2260.2552736296398,11896.080387524422,693671.804976913,1751698.1747458081,1058026.369768895,0.3959996162452889
59,cruise,134.326,7620,18657.88,138.9,0.0,14.5,0.2259359924281687,0.86,18892.103599901777,12.54576013562993,40.999321862417744,0.06674254646455252,0.10478658540287077,11550,5000,0.3889564492045537,1776527.266195256,4567419.488295908,213387.2679231933,222185.82665888517,224430.12793826786,236242.23993501882,10669.363396159675,8798.558735691846,2244.3012793826806,11812.111996750951,694518.0885008734,1753589.8041028765,1059071.715602003,0.3960550448433884
60,cruise,134.326,7620,18657.879,138.9,0.0,14.5,0.2244806243106391,0.86,18879.543861286715,12.559738615060306,40.70819120969011,0.066956566686704,0.10322010591851742,11550,5000,0.38864821724488835,1775348.3030454183,4568008.3537518615,211872.033724864,220608.11508211578,222836.47988092504,234564.71566413163,10593.60168624321,8736.081357251778,2228.3647988092525,11728.235783206592,695362.1250550249,1755476.6678050105,1060114.5427499856,0.3961101493444983
61,cruise,134.326,7620,18657.88,138.9,0.0,14.5,0.22302525619310945,0.86,18866.970177996864,12.573683289849452,40.41738115958665,0.06717037907187086,0.10165368154687529,11550,5000,0.3883403357064892,1774168.0262954505,4568590.6488899505,210358.46815213517,219032.14093308535,221244.5868010963,232889.03873799613,10517.923407606768,8673.672780950174,2212.445868010965,11644.451936899817,696203.9129804467,1757358.7605942069,1061154.8476137603,0.39616493148219933
62,cruise,134.326,7620,18657.879,138.9,0.0,14.5,0.22156988807557984,0.86,18854.38258388804,12.587594108822366,40.12689236984104,0.06738398058383836,0.10008734517386629,11550,5000,0.3880328043746357,1772986.439122078,4569166.367208235,208846.57462828266,217457.907776221,219654.45229921312,231215.21294654015,10442.328731414142,8611.333147938345,2196.5445229921334,11560.760647327017,697043.4506294335,1759236.0772474243,1062192.6266179907,0.39621939297655684
63,cruise,134.326,7620,18657.88,138.9,0.0,14.5,0.22011451995805023,0.86,18841.78111286728,12.601471020760203,39.836725496406025,0.06759736818665212,0.09852112967909772,11550,5000,0.3877256230420329,1771803.5447068347,4569735.502145948,207336.35656731352,215885.41916629896,218066.07996595855,229543.24206943007,10366.817828365685,8549.062598985432,2180.6607996595876,11477.162103471514,697880.7363655142,1761108.6125771052,1063227.876211591,0.3962735355341177
64,cruise,134.326,7620,18657.879,138.9,0.0,14.5,0.2186591518405206,0.86,18829.165798892867,12.615313974411146,39.54688119345004,0.0678105388448082,0.09695506793435808,11550,5000,0.3874187915085854,1770619.3462360671,4570298.0470859,205827.81737394768,214314.67864842532,216479.47338224782,227873.12987605034,10291.390868697394,8486.861274477636,2164.79473382248,11393.656493802528,698715.7685634706,1762976.361430614,1064260.5928671435,0.3963273608481506
65,cruise,134.326,7620,18657.88,138.9,0.0,14.5,0.21720378372299098,0.86,18816.53667597437,12.629122918496565,39.257360113353656,0.06802348952337212,0.09538919280262805,11550,5000,0.3871123095813548,1769433.846900939,4570853.9953547465,204320.96044359994,212745.68975801743,214894.63611920952,226204.88012548373,10216.048022180006,8424.729314417484,2148.946361192097,11310.244006274197,699548.5456093573,1764839.3186898185,1065290.7730804614,0.39638087059885324
66,cruise,134.326,7620,18657.879,138.9,0.0,14.5,0.21574841560546137,0.86,18803.89377817265,12.64289780172194,38.96816290670602,0.06823621718817277,0.09382353713653754,11550,5000,0.3868061770741498,1768247.049897432,4571403.340227587,202815.78916236162,211178.45602078468,213311.57173816636,224538.4965664909,10140.78945811809,8362.666858423067,2133.1157173816655,11226.924828324556,700379.0659005201,1766697.4792721015,1066318.4133715816,0.3964340664532356
67,cruise,134.326,7620,18657.88,138.9,0.0,14.5,0.21429304748793176,0.86,18791.237139599863,12.656638572784166,38.679290222301354,0.06840658847739915,0.09303648930511266,11550,5000,0.3865003938074702,1767058.9584263486,4571946.074928411,201312.3069069818,209612.98095270907,211730.2837906152,222873.9829374897,10065.615345349099,8300.674045727272,2117.302837906154,11143.699146874495,701207.327845614,1768550.8381288724,1067343.5102832585,0.3964869500655642
68,cruise,134.326,7620,18657.879,138.9,0.0,14.5,0.21283767937040216,0.86,18778.56679441948,12.670345180382913,38.3907427071354,0.06853193597228169,0.09307730653396619,11550,5000,0.3861949596082747,1765869.5756933128,4572482.192632627,199810.51704484926,208049.26806002628,210150.77581820838,221211.34296653516,9990.525852242472,8238.751015177035,2101.5077581820856,11060.567148326767,702033.329864622,1770399.3902461983,1068366.0603815764,0.39653952307732926
69,cruise,134.326,7620,18657.88,138.9,0.0,14.5,0.21138231125287252,0.86,18765.882776846254,12.684017573225505,38.102521006401766,0.0686570810746349,0.09311789268016381,11550,5000,0.38588987430974386,1764678.9049087681,4573011.686469663,198310.4229339731,206487.32083920564,208573.05135273296,219550.58037129787,9915.521146698664,8176.897905232537,2085.7305135273314,10977.529018564903,702857.070388871,1772243.1306445377,1069386.0602556667,0.39659178711741017
70,cruise,134.326,7620,18657.88,138.9,0.0,14.5,0.2099269431353429,0.86,18753.185121146216,12.697655700038672,37.8146257634884,0.06878202248597505,0.09315824856092501,11550,5000,0.3855851377511106,1763486.9492879794,4573534.54952479,196812.02792296495,204927.14277693143,206997.11391609235,217891.69885904458,9840.601396148257,8115.114853966478,2069.9711391609253,10894.584942952239,703678.5478610517,1774082.054378395,1070403.5065173432,0.3966437438022603
71,cruise,134.326,7620,18657.879,138.9,0.0,14.5,0.2084715750178133,0.86,18740.473861636638,12.711259509576898,37.52705761997394,0.06890675890849905,0.09319837499305285,11550,5000,0.38528074977743776,1762293.7120510295,4574050.774841568,195315.33535101908,203368.73735008235,205422.9670202852,216234.702126616,9765.766767550962,8053.401999063254,2054.229670202854,10811.735106330809,704497.7607352337,1775916.1565362506,1071418.3958010168,0.3966953947360258
72,descent,46.935,7376,3895.528,83.34,-5.199,16.0,0.0,0.8,18739.894920153358,0.5789414832791949,0.0,-0.0019706880788050193,0.06466011834091594,11550,5000,0.11100630227042954,1792.4794736809563,16147.54691417594,0.0,0.0,0.0,0.0,0.0,0.0,0.0,0.0,905.2926634752305,6466.053895404575,5560.761231929345,0.14000697768984297
73,descent,46.936,7132,3895.527,83.34,-5.199,16.0,0.0,0.8,18739.319869757794,0.5750503955644733,0.0,-0.001979501219546012,0.06346271909447398,11550,5000,0.10566001716703227,1792.4240993753774,16964.071627414465,0.0,0.0,0.0,0.0,0.0,0.0,0.0,0.0,905.264696654231,6793.642262169462,5888.37756551523,0.13325174651824342
74,descent,46.936,6888,3895.528,83.34,-5.199,16.0,0.0,0.8,18738.740508933748,0.5793608240440262,0.0,-0.0020059687822016796,0.06306293441474436,11550,5000,0.10141794210569469,1792.3690972428303,17673.096693037587,0.0,0.0,0.0,0.0,0.0,0.0,0.0,0.0,905.2369177994093,7078.162287895933,6172.925370096524,0.12789151773863913
75,descent,46.935,6644,3895.527,83.34,-5.199,16.0,0.0,0.8,18738.15219477885,0.5883141548991753,0.0,-0.0020426452765855566,0.06309825368254862,11550,5000,0.09788023169238941,1792.3136828283314,18311.29383163987,0.0,0.0,0.0,0.0,0.0,0.0,0.0,0.0,905.2089307213795,7334.261102404791,6429.052171683412,0.12342196685969845
76,descent,46.936,6400,3895.528,83.34,-5.199,16.0,0.0,0.8,18737.552119176627,0.6000756022220485,0.0,-0.002085500467193359,0.06338114422697658,11550,5000,0.09481214456573515,1792.2574120502686,18903.24726077323,0.0,0.0,0.0,0.0,0.0,0.0,0.0,0.0,905.1805111364993,7571.792609719109,6666.61209858261,0.11954639512638193
77,descent,46.936,6156,3895.527,83.34,-5.199,16.0,0.0,0.8,18736.93867659043,0.613442586194804,0.0,-0.0021317489409824514,0.0637904438471804,11550,5000,0.09205860575368717,1792.2000163190532,19468.033451584957,0.0,0.0,0.0,0.0,0.0,0.0,0.0,0.0,905.1515233934613,7798.4105358063925,6893.259012412931,0.11606871929061174
78,descent,46.935,5912,3895.528,83.34,-5.199,16.0,0.0,0.8,18736.310777346116,0.6278992443138183,0.0,-0.0021801654661833406,0.06427363542104687,11550,5000,0.08950352955152233,1792.1413420692552,20023.13597071741,0.0,0.0,0.0,0.0,0.0,0.0,0.0,0.0,905.1218899339673,8021.132423104344,7116.010533170376,0.11284215771414312
79,descent,46.936,5668,3895.527,83.34,-5.199,16.0,0.0,0.8,18735.66719964568,0.6435777004368284,0.0,-0.0022309465744553025,0.06483801450797291,11550,5000,0.08704814842550845,1792.0812850763323,20587.241859715232,0.0,0.0,0.0,0.0,0.0,0.0,0.0,0.0,905.0915581193598,8247.45869663108,7342.36713851172,0.10974187218289089
80,descent,46.936,5424,3895.528,83.34,-5.199,16.0,0.0,0.8,18735.006984253017,0.6602153926602251,0.0,-0.002283355265860692,0.06545563694407788,11550,5000,0.08466290712575013,1792.0197284780443,21166.527223266155,0.0,0.0,0.0,0.0,0.0,0.0,0.0,0.0,905.0604689283052,8479.870794075172,7574.810325146867,0.10673045508672901
81,descent,46.935,5180,3895.527,83.34,-5.199,16.0,0.0,0.8,18734.329679469065,0.6773047839520104,0.0,-0.002336271721843142,0.06608080996180914,11550,5000,0.08237738319358519,1791.9565805263119,21753.01655692619,0.0,0.0,0.0,0.0,0.0,0.0,0.0,0.0,905.0285760233899,8715.170776233035,7810.142200209646,0.10384519124874464
82,descent,46.936,4936,3895.528,83.34,-5.199,16.0,0.0,0.8,18733.635125435692,0.6945540333726202,0.0,-0.0023891437703754672,0.06668944155111577,11550,5000,0.08021218155611554,1791.8917980170809,22339.39737399479,0.0,0.0,0.0,0.0,0.0,0.0,0.0,0.0,904.9958575843843,8950.422248023706,8045.426390439321,0.10111208527443626
83,descent,46.936,4692,3895.527,83.34,-5.199,16.0,0.0,0.8,18732.92327714409,0.7118482916005235,0.0,-0.0024416667353233984,0.06727209348475258,11550,5000,0.07816454052265522,1791.8253656602465,22923.762535786973,0.0,0.0,0.0,0.0,0.0,0.0,0.0,0.0,904.9623058890134,9184.860115180409,8279.897809291395,0.09852760897178216
84,descent,46.935,4448,3895.528,83.34,-5.199,16.0,0.0,0.8,18732.19381571903,0.7294614250616853,0.0,-0.0024943080850083625,0.0678508375554796,11550,5000,0.07619774609082723,1791.75727915077,23514.57058867603,0.0,0.0,0.0,0.0,0.0,0.0,0.0,0.0,904.9279187630152,9421.877705839968,8516.949787076954,0.09604538999716725
85,descent,46.936,4204,3895.527,83.34,-5.199,16.0,0.0,0.8,18731.446320003193,0.7474957158358663,0.0,-0.0025472634908904096,0.06843370208241477,11550,5000,0.07429870089186726,1791.6875079890015,24114.654583215193,0.0,0.0,0.0,0.0,0.0,0.0,0.0,0.0,904.892680802526,9662.612402494955,8757.719721692429,0.09364886462473401
86,descent,46.935,3960,3895.528,83.34,-5.199,16.0,0.0,0.8,18730.68043272151,0.7658872816839238,0.0,-0.002600246225966701,0.06901403510131439,11550,5000,0.07246554249356836,1791.6160118926782,24723.69556954179,0.0,0.0,0.0,0.0,0.0,0.0,0.0,0.0,904.8565716629688,9906.939019259271,9002.082447596302,0.09133563554836777
87,descent,46.936,3716,3895.528,83.34,-5.199,16.0,0.0,0.8,18729.895415181632,0.7850175398788376,0.0,-0.0026539072996872317,0.06962005660390622,11550,5000,0.07066782224637853,1791.5427566888975,25351.605578601335,0.0,0.0,0.0,0.0,0.0,0.0,0.0,0.0,904.8195740853017,10158.837957648719,9254.018383563416,0.08906723169100768
88,descent,46.936,3472,3895.527,83.34,-5.199,16.0,0.0,0.8,18729.09049356034,0.80492162129336,0.0,-0.0027080738630642235,0.07025119537096758,11550,5000,0.06889769897476547,1791.467671723687,26001.850546269063,0.0,0.0,0.0,0.0,0.0,0.0,0.0,0.0,904.7816523857006,10419.703442003414,9514.921789617712,0.08683372395594174
89,descent,46.935,3228,3895.528,83.34,-5.199,16.0,0.0,0.8,18728.26511831262,0.825375247718787,0.0,-0.002762257214628107,0.0708893492173361,11550,5000,0.06717715481083579,1791.390682982863,26666.664999838733,0.0,0.0,0.0,0.0,0.0,0.0,0.0,0.0,904.7427691832642,10686.42125340301,9781.678484219747,0.0846628396662873
90,descent,46.936,2984,3895.527,83.34,-5.199,16.0,0.0,0.8,18727.418750646237,0.8463676663845109,0.0,-0.0028164236703463645,0.07153329461396717,11550,5000,0.06551466398918622,1791.3117379038595,27342.149510215473,0.0,0.0,0.0,0.0,0.0,0.0,0.0,0.0,904.7028979312422,10957.427328857877,10052.724430926635,0.08256526562111746
91,descent,46.936,2740,3895.528,83.34,-5.199,16.0,0.0,0.8,18726.550643805156,0.8681068410802821,0.0,-0.0028706262838719358,0.07219483973782731,11550,5000,0.06389062890491586,1791.2307849525241,28035.892206011824,0.0,0.0,0.0,0.0,0.0,0.0,0.0,0.0,904.6620126022849,11235.76812835915,10331.106115756866,0.08051625863646227
92,descent,46.935,2496,3895.527,83.34,-5.199,16.0,0.0,0.8,18725.659770433733,0.8908733714231704,0.0,-0.0029250329839757574,0.07289016056632969,11550,5000,0.06228406813616197,1791.1477527034003,28757.71937034833,0.0,0.0,0.0,0.0,0.0,0.0,0.0,0.0,904.6200771229295,11525.388471593118,10620.76839447019,0.0784893350321828
93,descent,46.936,2252,3895.528,83.34,-5.199,16.0,0.0,0.8,18724.745073672937,0.9146967607972901,0.0,-0.002979542486841883,0.0736187522085113,11550,5000,0.06070150331547627,1791.0625428925268,29506.065666678194,0.0,0.0,0.0,0.0,0.0,0.0,0.0,0.0,904.5770418649125,11825.658854808256,10921.081812943345,0.07649273947194205
94,descent,46.936,2008,3895.527,83.34,-5.199,16.0,0.0,0.8,18723.805755165395,0.9393185075411388,0.0,-0.003033487159825081,0.0743601631115265,11550,5000,0.05916576090856862,1790.9750544341514,30270.4643180677,0.0,0.0,0.0,0.0,0.0,0.0,0.0,0.0,904.5328557748239,12132.372457386009,11227.839601611186,0.0745553154547409
95,descent,46.935,1764,3895.528,83.34,-5.199,16.0,0.0,0.8,18722.841176984424,0.9645781809692997,0.0,-0.003086482843277022,0.0751024138418382,11550,5000,0.05769788974333665,1790.885210967157,31039.007127188404,0.0,0.0,0.0,0.0,0.0,0.0,0.0,0.0,904.487480286443,12440.73978394679,11536.252303660347,0.07270367325370557
96,descent,46.936,1520,3895.527,83.34,-5.199,16.0,0.0,0.8,18721.850583093656,0.9905938907683052,0.0,-0.003138584973788861,0.07585215208213561,11550,5000,0.05630801877470895,1790.792951475596,31803.51556393137,0.0,0.0,0.0,0.0,0.0,0.0,0.0,0.0,904.4408845836343,12747.4663742126,11843.025489628964,0.07095063897664142
97,descent,46.936,1276,3895.528,83.34,-5.199,16.0,0.0,0.8,18720.832998528294,1.017584565361537,0.0,-0.003189599596971024,0.07661912743188799,11550,5000,0.054999527287156035,1790.698203646578,32558.428989711647,0.0,0.0,0.0,0.0,0.0,0.0,0.0,0.0,904.3930321447364,13050.304005284019,12145.910973139282,0.06930053367174827
98,descent,46.935,1032,3895.527,83.34,-5.199,16.0,0.0,0.8,18719.787329572322,1.0456689559724577,0.0,-0.0032392937530031506,0.077407213014343,11550,5000,0.05379775578191819,1790.6008742267732,33283.932539591304,0.0,0.0,0.0,0.0,0.0,0.0,0.0,0.0,904.3438758721077,13341.272619249075,12436.928743376968,0.06778542809831356
99,descent,46.936,788,3895.528,83.34,-5.199,16.0,0.0,0.8,18718.712239052602,1.0750905197200429,0.0,-0.003287607262495622,0.07822772082539413,11550,5000,0.05275431908361006,1790.5008586052572,33940.365257439895,0.0,0.0,0.0,0.0,0.0,0.0,0.0,0.0,904.2933629319481,13604.412357516345,12700.118994584398,0.06647059344921519
100,descent,46.936,544,3895.527,83.34,-5.199,16.0,0.0,0.8,18717.60551497239,1.1067240802109364,0.0,-0.003334300273265931,0.07912201876478187,11550,5000,0.05193274552665549,1790.3980288847815,34475.32016126174,0.0,0.0,0.0,0.0,0.0,0.0,0.0,0.0,904.2414287296876,13818.637268967763,12914.395840238076,0.06543636764822856
101,descent,46.935,300,3895.528,83.34,-5.199,16.0,0.0,0.8,18716.462649366553,1.1428656058369726,0.0,-0.0033792216123589144,0.08020106211822634,11550,5000,0.05140480137074756,1790.2921734933043,34827.33374614475,0.0,0.0,0.0,0.0,0.0,0.0,0.0,0.0,904.1879664107597,13959.218812687497,13055.030846276737,0.06477353629480653
102,final,10.714,270,0.0,53.502,-2.8,7.5,0.0,0.8,18715.51054045429,0.952108912265435,0.0,0.0038338308205953012,0.021090079818489756,11550,5000,0.20769555618127716,795685.7894908632,3831019.8066846784,0.0,0.0,0.0,0.0,0.0,0.0,0.0,0.0,401861.5098438703,1666280.1294118993,1264418.619568029,0.2411728392786537
103,final,10.714,240,0.0,53.502,-2.8,7.5,0.0,0.8,18714.5570946068,0.9534458474896476,0.0,0.0038500760031191807,0.02103418125560139,11550,5000,0.20738695494854933,795645.3128502858,3836525.3641323657,0.0,0.0,0.0,0.0,0.0,0.0,0.0,0.0,401841.0670961039,1668939.949262923,1267098.8821668192,0.24077622881133293
104,final,10.714,210,0.0,53.502,-2.8,7.5,0.0,0.8,18713.60231228172,0.954782325081011,0.0,0.003866349238348977,0.0209783335931188,11550,5000,0.2070763724343763,795604.7793730949,3842083.8168064137,0.0,0.0,0.0,0.0,0.0,0.0,0.0,0.0,401820.5956429772,1671636.9767524116,1269816.3811094344,0.24037551288415382
105,final,10.714,180,0.0,53.502,-2.8,7.5,0.0,0.8,18712.646194491346,0.9561177903740747,0.0,0.0038826428734028383,0.020922561598980777,11550,5000,0.20676342595623184,795564.1890787452,3847702.6843574937,0.0,0.0,0.0,0.0,0.0,0.0,0.0,0.0,401800.0954943158,1674376.4214357426,1272576.325941427,0.23996999142509462
106,final,10.714,150,0.0,53.502,-2.8,7.5,0.0,0.8,18711.688742826405,0.957451664939896,0.0,0.0038989488686064413,0.020866891211629053,11550,5000,0.20644770632467524,795523.5420102722,3853390.072346804,0.0,0.0,0.0,0.0,0.0,0.0,0.0,0.0,401779.56667185464,1677163.8191335304,1275384.2524616758,0.2395589280476043
107,final,10.714,120,0.0,53.502,-2.8,7.5,0.0,0.8,18710.72995946866,0.9587833577446296,0.0,0.0039152589485191465,0.02081134904914377,11550,5000,0.20612878228943554,795482.8382353019,3859154.599372374,0.0,0.0,0.0,0.0,0.0,0.0,0.0,0.0,401759.0092097484,1680004.969037362,1278245.9598276136,0.23914156006333434
108,final,10.714,90,0.0,53.502,-2.8,7.5,0.0,0.8,18709.769847191183,0.9601122774757329,0.0,0.0039315647709759005,0.020755961862372847,11550,5000,0.2058062056739421,795442.0778465869,3865005.3104171334,0.0,0.0,0.0,0.0,0.0,0.0,0.0,0.0,401738.4231548419,1682905.861741459,1281167.4385866171,0.23871710966597134
109,final,10.714,60,0.0,53.502,-2.8,7.5,0.0,0.8,18708.808409345558,0.961437845626064,0.0,0.0039478581086780104,0.020700755949950713,11550,5000,0.205479517026969,795401.2609620176,3870951.5793616637,0.0,0.0,0.0,0.0,0.0,0.0,0.0,0.0,401717.8085666755,1685872.6005956256,1284154.79202895,0.23828479591206772
110,final,10.714,30,0.0,53.502,-2.8,7.5,0.0,0.8,18707.845649835665,0.9627595098926406,0.0,0.003964131037303833,0.020645756554837535,11550,5000,0.20514825160700942,795360.3877240787,3877003.003894493,0.0,0.0,0.0,0.0,0.0,0.0,0.0,0.0,401697.1655172115,1688911.3190098712,1287214.1534926598,0.237843847095955
111,final,10.714,0,0.0,53.502,-2.8,7.5,0.0,0.8,18706.881573078226,0.9640767574376489,0.0,0.003980376123879616,0.020590987262667185,11550,5000,0.2048119455113914,795319.4582987344,3883169.2961702747,0.0,0.0,0.0,0.0,0.0,0.0,0.0,0.0,401676.4940902699,1692028.0964260327,1290351.6023357627,0.23739351310933107
112,climboutToAlternate,3.639,30,0.0,63.222,8.245,10.5,0.0,0.8,18706.100016371813,0.7815567064138292,0.0,0.008369031796582183,0.001779410040062417,11550,5000,0.28260185430514784,2618044.1907945676,9264072.938345464,0.0,0.0,0.0,0.0,0.0,0.0,0.0,0.0,1322244.5408053373,3857093.7756143683,2534849.2348090312,0.3428085023923813
113,climboutToAlternate,3.638,60,0.0,63.222,8.245,10.5,0.0,0.8,18705.31925634421,0.7807600276028647,0.0,0.008353114712093669,0.0017810991957419114,11550,5000,0.28280411324122207,2617934.8112602495,9257060.589593483,0.0,0.0,0.0,0.0,0.0,0.0,0.0,0.0,1322189.2986162875,3853521.1804838656,2531331.8818675783,0.3431119842580617
114,climboutToAlternate,3.639,90,0.0,63.222,8.246,10.5,0.0,0.8,18704.53881849536,0.780437848851459,0.0,0.008342678457380275,0.0017836165389459693,11550,5000,0.2830089260268731,2618009.042403722,9250623.57275307,0.0,0.0,0.0,0.0,0.0,0.0,0.0,0.0,1322226.789092789,3850176.842837577,2527950.0537447883,0.3434197552646202
115,climboutToAlternate,3.638,120,0.0,63.222,8.246,10.5,0.0,0.8,18703.759178242584,0.7796402527746374,0.0,0.008326768696745233,0.0017853155144479515,11550,5000,0.283210129956855,2617899.811798389,9243665.868156647,0.0,0.0,0.0,0.0,0.0,0.0,0.0,0.0,1322171.6221203986,3846631.1375989956,2524459.515478597,0.34372196730713217
116,climboutToAlternate,3.638,150,0.0,63.222,8.247,10.5,0.0,0.8,18702.98007464379,0.7791035987955234,0.0,0.008314061913936603,0.0017873493441346118,11550,5000,0.28341389269119394,2617974.1767026763,9237282.448800791,0.0,0.0,0.0,0.0,0.0,0.0,0.0,0.0,1322209.1801528668,3843313.016397429,2521103.836244562,0.3440284916975755
117,climboutToAlternate,3.638,180,0.0,63.222,8.234,10.5,0.0,0.8,18702.20215374016,0.7779209036301636,0.0,0.008288897302208926,0.001791591999802664,11550,5000,0.28357459173217336,2615479.934147951,9223252.048682075,0.0,0.0,0.0,0.0,0.0,0.0,0.0,0.0,1320949.4616908845,3837003.8906685202,2516054.428977635,0.3442658645469176
118,climboutToAlternate,3.643,210,0.0,63.222,8.215,10.5,0.0,0.8,18701.424624432824,0.7775293073344486,0.0,0.008269807728708282,0.0017992435623815914,11550,5000,0.2837169040514876,2611885.243933374,9205955.678479353,0.0,0.0,0.0,0.0,0.0,0.0,0.0,0.0,1319133.9615825121,3829420.5121800564,2510286.5505975443,0.3444735195277733
119,climboutToAlternate,3.652,240,0.0,63.222,8.196,10.5,0.0,0.8,18700.646636994654,0.777987438171884,0.0,0.008259772533441012,0.0018088809845956684,11550,5000,0.2838590933057261,2608290.8983281534,9188681.84898672,0.0,0.0,0.0,0.0,0.0,0.0,0.0,0.0,1317318.6355192694,3821849.7844337574,2504531.148914488,0.34468090318061584
120,climboutToAlternate,3.661,270,0.0,63.222,8.177,10.5,0.0,0.8,18699.868196592808,0.7784404018456341,0.0,0.008249686597805067,0.0018185329024181477,11550,5000,0.2840011026345737,2604696.778760113,9171431.922613326,0.0,0.0,0.0,0.0,0.0,0.0,0.0,0.0,1315503.4236162186,3814291.135698873,2498787.7120826542,0.3448880478220721
121,climboutToAlternate,3.669,300,0.0,63.222,8.158,10.5,0.0,0.8,18699.08952022387,0.7786763689357672,0.0,0.00823731270162033,0.0018276997959800231,11550,5000,0.28414286469941324,2601102.886204164,9154208.003624506,0.0,0.0,0.0,0.0,0.0,0.0,0.0,0.0,1313688.3263657393,3806744.0676461398,2493055.7412804007,0.3450949953612313
122,climbToAlternate,15.084,435,1241.818,83.34,8.864,16.0,0.0,0.8,18695.939483947746,3.150036276124786,0.0,0.03298196552713216,0.00759942528977501,11550,5000,0.2867971312449858,2581478.0741686164,9001059.60949618,0.0,0.0,0.0,0.0,0.0,0.0,0.0,0.0,1303776.805135665,3739776.4184426395,2435999.6133069745,0.34862426499779864
123,climbToAlternate,15.23,570,1254.105,83.34,8.778,16.0,0.0,0.8,18692.786022779736,3.1534611680104296,0.0,0.032749140945198554,0.007767668621550296,11550,5000,0.28743455619460406,2565270.1837714114,8924710.4375113,0.0,0.0,0.0,0.0,0.0,0.0,0.0,0.0,1295591.0019047533,3706380.796086875,2410789.7941821213,0.34955690555935676
124,climbToAlternate,15.378,705,1266.631,83.34,8.693,16.0,0.0,0.8,18689.6288900719,3.1571327078335756,0.0,0.03252154854781168,0.007937239408141129,11550,5000,0.28807148149270956,2549250.517684268,8849367.887701802,0.0,0.0,0.0,0.0,0.0,0.0,0.0,0.0,1287500.261456701,3673418.5272950768,2385918.265838376,0.3504910349555928
125,climbToAlternate,15.53,840,1279.402,83.34,8.607,16.0,0.0,0.8,18686.46782191477,3.1610681571294044,0.0,0.03229610101471798,0.008110428742061467,11550,5000,0.28870266123698646,2533052.2677158867,8773913.814520013,0.0,0.0,0.0,0.0,0.0,0.0,0.0,0.0,1279319.3271292357,3640476.850352211,2361157.523222975,0.3514153172009495
126,climbToAlternate,15.685,975,1292.428,83.34,8.522,16.0,0.0,0.8,18683.30237011674,3.1654517980330485,0.0,0.03207792792838837,0.008285487031616724,11550,5000,0.28933342738908785,2517042.129028869,8699451.535007112,0.0,0.0,0.0,0.0,0.0,0.0,0.0,0.0,1271233.3984994288,3608000.568809499,2336767.1703100703,0.35233736088874473
127,climbToAlternate,15.842,1110,1305.715,83.34,8.436,16.0,0.0,0.8,18680.13267281146,3.1696973052794357,0.0,0.031857947725822344,0.008463081728147083,11550,5000,0.2899561398827296,2500853.3920437205,8624936.837189136,0.0,0.0,0.0,0.0,0.0,0.0,0.0,0.0,1263057.2687089497,3575556.050407958,2312498.7816990083,0.35324778884807
128,climbToAlternate,16.003,1245,1319.271,83.34,8.35,16.0,0.0,0.8,18676.9582700448,3.174402766661381,0.0,0.03164385346873411,0.008643662397108075,11550,5000,0.29057257035075057,2484669.4314881023,8550942.810909007,0.0,0.0,0.0,0.0,0.0,0.0,0.0,0.0,1254883.5512566173,3543327.968271944,2288444.417015327,0.35415393734174005
129,climbToAlternate,16.168,1380,1333.106,83.34,8.264,16.0,0.0,0.8,18673.778725990505,3.179544054296596,0.0,0.03143522060197956,0.008827306866211873,11550,5000,0.2911829772289396,2468490.197316239,8477453.664385794,0.0,0.0,0.0,0.0,0.0,0.0,0.0,0.0,1246712.2208667875,3511292.6938067884,2264580.472940001,0.35505790305255275
130,climbToAlternate,16.335,1515,1347.226,83.34,8.179,16.0,0.0,0.8,18670.59382189764,3.1849040928651164,0.0,0.03123128912283866,0.00901242035205488,11550,5000,0.2917911431726378,2452498.833972407,8404980.381880164,0.0,0.0,0.0,0.0,0.0,0.0,0.0,0.0,1238635.774733539,3479668.71924927,2241032.9445157307,0.35596370651076564
131,climbToAlternate,16.506,1650,1361.643,83.34,8.093,16.0,0.0,0.8,18667.403374690548,3.190447207091767,0.0,0.031028370283293673,0.009201341675816772,11550,5000,0.29239109139689473,2436328.9151438884,8332432.098065498,0.0,0.0,0.0,0.0,0.0,0.0,0.0,0.0,1230469.14906257,3448050.5498792455,2217581.4008166753,0.35685937061034745
132,climbToAlternate,16.681,1785,1376.364,83.34,8.007,16.0,0.0,0.8,18664.20699390755,3.1963807829954765,0.0,0.030830181946420017,0.009393466928868792,11550,5000,0.29298361226076225,2420163.651622344,8260406.215035473,0.0,0.0,0.0,0.0,0.0,0.0,0.0,0.0,1222304.8745567393,3416659.9479982755,2194355.073441536,0.35774847165368423
133,climbToAlternate,16.86,1920,1391.401,83.34,7.921,16.0,0.0,0.8,18661.004277372733,3.20271653481926,0.0,0.030636944274416336,0.00958877102111814,11550,5000,0.2935661934947753,2404003.007144708,8188964.057905029,0.0,0.0,0.0,0.0,0.0,0.0,0.0,0.0,1214142.9329013678,3385476.913612386,2171333.9807110187,0.3586327610209126
134,climbToAlternate,17.042,2055,1406.763,83.34,7.836,16.0,0.0,0.8,18657.794799806892,3.2094775658408374,0.0,0.030450482966000735,0.009786127611065737,11550,5000,0.2941407453312977,2388030.0097186007,8118664.440823749,0.0,0.0,0.0,0.0,0.0,0.0,0.0,0.0,1206075.7624841419,3354687.078054853,2148611.3155707107,0.35951960180544185
135,climbToAlternate,17.229,2190,1422.46,83.34,7.75,16.0,0.0,0.8,18654.578221884785,3.2165779221061017,0.0,0.030266467049947815,0.009987940720794236,11550,5000,0.2947035728116386,2371878.4609311963,8048353.259860868,0.0,0.0,0.0,0.0,0.0,0.0,0.0,0.0,1197918.4146117154,3323855.1844072468,2125936.7697955314,0.3604003027061312
136,climbToAlternate,17.42,2325,1438.506,83.34,7.664,16.0,0.0,0.8,18651.354226096224,3.223995788561451,0.0,0.030086008462092372,0.01019318778243474,11550,5000,0.2952601463358703,2355731.430914578,7978494.423134367,0.0,0.0,0.0,0.0,0.0,0.0,0.0,0.0,1189763.3489467567,3293210.3356216555,2103446.986674899,0.361277667593062
137,climbToAlternate,17.615,2460,1454.91,83.34,7.578,16.0,0.0,0.8,18648.122527390693,3.231698705532256,0.0,0.029908601191126268,0.01040195610644765,11550,5000,0.2958118132108721,2339588.8978117574,7909044.849888942,0.0,0.0,0.0,0.0,0.0,0.0,0.0,0.0,1181610.5544503825,3262768.0999622964,2081157.545511914,0.3621497201912808
138,climbToAlternate,17.815,2595,1471.686,83.34,7.492,16.0,0.0,0.8,18644.882662680822,3.2398647098719806,0.0,0.029735893908969975,0.010614854270884346,11550,5000,0.2963572191395766,2323450.8448815197,7840034.575932616,0.0,0.0,0.0,0.0,0.0,0.0,0.0,0.0,1173460.0226674343,3232524.689510485,2059064.666843051,0.36301656920836584
139,climbToAlternate,18.018,2730,1488.846,83.34,7.406,16.0,0.0,0.8,18641.634521978165,3.248140702658312,0.0,0.029564758608220443,0.010830672032390692,11550,5000,0.2968936186391819,2307317.234312409,7771528.552509972,0.0,0.0,0.0,0.0,0.0,0.0,0.0,0.0,1165311.7345012168,3202461.983831373,2037150.2493301565,0.3638799587269595
140,climbToAlternate,18.228,2865,1506.403,83.34,7.321,16.0,0.0,0.8,18638.377044627985,3.2574773501785335,0.0,0.02940549715574058,0.011051289303109219,11550,5000,0.2974222121604517,2291370.947688726,7704101.623898182,0.0,0.0,0.0,0.0,0.0,0.0,0.0,0.0,1157258.0543882453,3172780.0722305966,2015522.0178423512,0.36474575231892603
141,climbToAlternate,18.441,3000,1524.373,83.34,7.235,16.0,0.0,0.8,18635.110393068564,3.2666515594217382,0.0,0.029243429141110035,0.011275498775056009,11550,5000,0.2979400867365614,2275246.0956645682,7636589.357901142,0.0,0.0,0.0,0.0,0.0,0.0,0.0,0.0,1149114.18972958,3143054.90669307,1993940.7169634902,0.36560423659242003
142,cruiseToAlternate,37.801,3000,5250.565,138.9,0.0,14.5,0.0,0.8,18629.92592694442,5.1844661241432295,0.0,0.038778721221766135,0.02408433666094717,11550,5000,0.29627554806863654,1751197.8715578457,5910706.715331619,0.0,0.0,0.0,0.0,0.0,0.0,0.0,0.0,884443.3694736594,2459239.773146603,1574796.4036729434,0.359640966745594
143,cruiseToAlternate,37.801,3000,5250.564,138.9,0.0,14.5,0.0,0.8,18624.742678888237,5.183248056181067,0.0,0.03876279721865011,0.024084202328157688,11550,5000,0.29626285657168094,1750710.671543987,5909315.436308843,0.0,0.0,0.0,0.0,0.0,0.0,0.0,0.0,884197.3088605995,2458690.0267548636,1574492.717894264,0.35962130209134974
144,cruiseToAlternate,37.801,3000,5250.565,138.9,0.0,14.5,0.0,0.8,18619.56064862182,5.182030266416321,0.0,0.038746880053531635,0.024084065430564485,11550,5000,0.2962501626621382,1750223.5859956706,5907924.472573986,0.0,0.0,0.0,0.0,0.0,0.0,0.0,0.0,883951.3060584195,2458140.394693575,1574189.0886351552,0.3596016354340943
145,cruiseToAlternate,37.801,3000,5250.565,138.9,0.0,14.5,0.0,0.8,18614.379835866905,5.180812754915766,0.0,0.038730969725089694,0.024083925969953828,11550,5000,0.2962374663310318,1749736.614886754,5906533.824224325,0.0,0.0,0.0,0.0,0.0,0.0,0.0,0.0,883705.3610539162,2457590.8768957816,1573885.5158418654,0.3595819667796526
146,cruiseToAlternate,37.801,3000,5250.565,138.9,0.0,14.5,0.0,0.8,18609.20024034516,5.179595521747492,0.0,0.03871506623202025,0.024083783948112333,11550,5000,0.29622476756935234,1749249.7581910875,5905143.491357629,0.0,0.0,0.0,0.0,0.0,0.0,0.0,0.0,883459.4738338826,2457041.4732951857,1573581.999461303,0.35956229613375557
147,cruiseToAlternate,37.801,3000,5250.564,138.9,0.0,14.5,0.0,0.8,18604.02186177818,5.178378566981068,0.0,0.03869916957303831,0.02408363936682696,11550,5000,0.29621206636793584,1748763.015882516,5903753.474074597,0.0,0.0,0.0,0.0,0.0,0.0,0.0,0.0,883213.6443851091,2456492.1838258295,1573278.5394407203,0.35954262350208677
148,cruiseToAlternate,37.801,3000,5250.565,138.9,0.0,14.5,0.0,0.8,18598.844699887493,5.1771618906876675,0.0,0.03868327974687969,0.02408349222788505,11550,5000,0.29619936271755687,1748276.3879348761,5902363.7724769795,0.0,0.0,0.0,0.0,0.0,0.0,0.0,0.0,882967.8726943819,2455943.008422252,1572975.1357278698,0.3595229488902589
149,cruiseToAlternate,37.801,3000,5250.565,138.9,0.0,14.5,0.0,0.8,18593.66875439455,5.175945492939749,0.0,0.03866739675229667,0.02408334253307429,11550,5000,0.29618665660886107,1747789.874322,5900974.3866689475,0.0,0.0,0.0,0.0,0.0,0.0,0.0,0.0,882722.1587484848,2455393.947019479,1572671.7882709939,0.35950327230381585
150,cruiseToAlternate,37.801,3000,5250.565,138.9,0.0,14.5,0.0,0.8,18588.49402502074,5.174729373811098,0.0,0.03865152058805861,0.024083190284182765,11550,5000,0.2961739480324367,1747303.4750177108,5899585.316755638,0.0,0.0,0.0,0.0,0.0,0.0,0.0,0.0,882476.5025341974,2454844.9995529726,1572368.4970187752,0.3594835937482393
151,cruiseToAlternate,37.801,3000,5250.565,138.9,0.0,14.5,0.0,0.8,18583.320511487364,5.173513533377146,0.0,0.0386356512529561,0.024083035482998984,11550,5000,0.29616123697874003,1746817.189995827,5898196.562844659,0.0,0.0,0.0,0.0,0.0,0.0,0.0,0.0,882230.9040382964,2454296.165958707,1572065.2619204107,0.3594639132289382
152,cruiseToAlternate,37.801,3000,5250.564,138.9,0.0,14.5,0.0,0.8,18578.148213515648,5.1722979717147775,0.0,0.03861978874579839,0.024082878131311866,11550,5000,0.29614852343813747,1746331.0192301576,5896808.1250452325,0.0,0.0,0.0,0.0,0.0,0.0,0.0,0.0,881985.3632475544,2453747.446173051,1571762.0829254966,0.3594442307512654
153,cruiseToAlternate,37.801,3000,5250.565,138.9,0.0,14.5,0.0,0.8,18572.977130826745,5.17108268890202,0.0,0.03860393306540933,0.02408271823091075,11550,5000,0.29613580740091416,1745844.9626945066,5895420.003468035,0.0,0.0,0.0,0.0,0.0,0.0,0.0,0.0,881739.8801487407,2453198.8401328567,1571458.959984116,0.35942454632050486
154,cruiseToAlternate,37.801,3000,5250.565,138.9,0.0,14.5,0.0,0.8,18567.807263141727,5.169867685018458,0.0,0.03858808421063276,0.024082555783585428,11550,5000,0.2961230888572555,1745359.020362669,5894032.198225548,0.0,0.0,0.0,0.0,0.0,0.0,0.0,0.0,881494.4547286207,2452650.347775424,1571155.893046803,0.35940485994187643
155,cruiseToAlternate,37.801,3000,5250.565,138.9,0.0,14.5,0.0,0.8,18562.63861018158,5.168652960145216,0.0,0.03857224218033229,0.02408239079112617,11550,5000,0.29611036779726535,1744873.1922084338,5892644.709431711,0.0,0.0,0.0,0.0,0.0,0.0,0.0,0.0,881249.0869739564,2452101.9690385778,1570852.8820646212,0.35938517162052497
156,cruiseToAlternate,37.802,3000,5250.564,138.9,0.0,14.5,0.0,0.8,18557.47103496611,5.167575215470628,0.0,0.03855742695716752,0.02408286033432305,11550,5000,0.296097644210902,1744387.4782055803,5891257.537203174,0.0,0.0,0.0,0.0,0.0,0.0,0.0,0.0,881003.7768715052,2451553.703860635,1570549.92698913,0.3593654813615244
157,cruiseToAlternate,37.801,3000,5250.565,138.9,0.0,14.5,0.0,0.8,18552.304810650472,5.166224315640015,0.0,0.038540578170000526,0.02408205317343577,11550,5000,0.2960849177513534,1743901.8654816647,5889870.644968687,0.0,0.0,0.0,0.0,0.0,0.0,0.0,0.0,880758.5179200326,2451005.5376790925,1570247.0197590601,0.3593457886488665
158,cruiseToAlternate,37.801,3000,5250.565,138.9,0.0,14.5,0.0,0.8,18547.13980022217,5.165010428304399,0.0,0.03852475660665019,0.024081880556253796,11550,5000,0.29607218908183325,1743416.3797059057,5888484.106232727,0.0,0.0,0.0,0.0,0.0,0.0,0.0,0.0,880513.3230837907,2450457.4994384106,1569944.17635462,0.35932609452952535
159,cruiseToAlternate,37.801,3000,5250.565,138.9,0.0,14.5,0.0,0.8,18541.97600340185,5.163796820316675,0.0,0.0385089418633971,0.02408170540110379,11550,5000,0.29605945785538745,1742931.008002823,5887097.884419457,0.0,0.0,0.0,0.0,0.0,0.0,0.0,0.0,880268.1858600116,2449909.57457398,1569641.3887139687,0.35930639848741486
160,cruiseToAlternate,37.801,3000,5250.565,138.9,0.0,14.5,0.0,0.8,18536.813419910086,5.162583491764641,0.0,0.03849313393918999,0.024081527709778505,11550,5000,0.2960467240616341,1742445.7503461652,5885711.979651579,0.0,0.0,0.0,0.0,0.0,0.0,0.0,0.0,880023.106235437,2449361.7630261006,1569338.6567906635,0.35928670052732403
161,cruiseToAlternate,37.801,3000,5250.564,138.9,0.0,14.5,0.0,0.8,18531.65204946735,5.161370442737446,0.0,0.0384773328329947,0.02408134748407121,11550,5000,0.2960339876900929,1741960.6067096735,5884326.392053563,0.0,0.0,0.0,0.0,0.0,0.0,0.0,0.0,879778.0841968048,2448814.0647351467,1569035.980538342,0.35926700065403205
162,cruiseToAlternate,37.801,3000,5250.565,138.9,0.0,14.5,0.0,0.8,18526.491891794023,5.160157673325586,0.0,0.03846153854379426,0.024081164725775744,11550,5000,0.2960212487302306,1741475.57706708,5882941.121750748,0.0,0.0,0.0,0.0,0.0,0.0,0.0,0.0,879533.1197308485,2448266.4796421854,1568733.3599113368,0.3592472988722177
163,cruiseToAlternate,37.801,3000,5250.565,138.9,0.0,14.5,0.0,0.8,18521.3329466104,5.1589451836208875,0.0,0.03844575107058854,0.024080979436686495,11550,5000,0.2960085071713796,1740990.6613921078,5881556.168870947,0.0,0.0,0.0,0.0,0.0,0.0,0.0,0.0,879288.2128242969,2447719.0076886406,1568430.794864344,0.3592275951865083
164,cruiseToAlternate,37.801,3000,5250.565,138.9,0.0,14.5,0.0,0.8,18516.175213636685,5.157732973716456,0.0,0.03842997041239363,0.024080791618598437,11550,5000,0.29599576300280234,1740505.8596584727,5880171.533543183,0.0,0.0,0.0,0.0,0.0,0.0,0.0,0.0,879043.3634638751,2447171.6488164994,1568128.2853526243,0.35920788960144984
165,cruiseToAlternate,37.801,3000,5250.564,138.9,0.0,14.5,0.0,0.8,18511.018692592977,5.156521043706689,0.0,0.0384141965682419,0.024080601273307103,11550,5000,0.2959830162136733,1740021.171839881,5878787.215898027,0.0,0.0,0.0,0.0,0.0,0.0,0.0,0.0,878798.5716363036,2446624.402967979,1567825.8313316756,0.3591881821215551
166,cruiseToAlternate,37.801,3000,5250.565,138.9,0.0,14.5,0.0,0.8,18505.86338319929,5.1553093936874355,0.0,0.038398429537184246,0.024080408402608677,11550,5000,0.29597026679307586,1739536.5979100296,5877403.216067667,0.0,0.0,0.0,0.0,0.0,0.0,0.0,0.0,878553.8373282978,2446077.2700859276,1567523.4327576298,0.35916847275124525
167,cruiseToAlternate,37.801,3000,5250.565,138.9,0.0,14.5,0.0,0.8,18500.709285175533,5.154098023755546,0.0,0.03838266931828398,0.024080213008299878,11550,5000,0.295957514729992,1739052.137842607,5876019.534186113,0.0,0.0,0.0,0.0,0.0,0.0,0.0,0.0,878309.1605265692,2445530.2501137634,1567221.0895871941,0.3591487614948583
168,cruiseToAlternate,37.801,3000,5250.565,138.9,0.0,14.5,0.0,0.8,18495.556398241522,5.152886934009503,0.0,0.03836691591062518,0.024080015092178126,11550,5000,0.29594476001333564,1738567.7916112933,5874636.170388525,0.0,0.0,0.0,0.0,0.0,0.0,0.0,0.0,878064.5412178249,2444983.342995166,1566918.801777341,0.35912904835669507
169,cruiseToAlternate,37.801,3000,5250.564,138.9,0.0,14.5,0.0,0.8,18490.404722116975,5.151676124548702,0.0,0.03835116931330331,0.024079814656041403,11550,5000,0.29593200263192276,1738083.5591897576,5873253.124811811,0.0,0.0,0.0,0.0,0.0,0.0,0.0,0.0,877819.9793887665,2444436.5486741713,1566616.5692854049,0.35910933334100403
170,cruiseToAlternate,37.801,3000,5250.565,138.9,0.0,14.5,0.0,0.8,18485.2542565215,5.150465595474098,0.0,0.03833542952543352,0.024079611701688385,11550,5000,0.29591924257447644,1737599.4405516617,5871870.3975945255,0.0,0.0,0.0,0.0,0.0,0.0,0.0,0.0,877575.4750260918,2443889.8670956003,1566314.3920695088,0.35908961645191956
171,cruiseToAlternate,37.801,3000,5250.565,138.9,0.0,14.5,0.0,0.8,18480.105001174612,5.149255346887653,0.0,0.03831969654614354,0.024079406230918372,11550,5000,0.29590647982966467,1737115.4356706557,5870487.988876104,0.0,0.0,0.0,0.0,0.0,0.0,0.0,0.0,877331.0281164928,2443343.2982043573,1566012.2700878645,0.35906989769356357
172,holding,60.0,3000,0.0,97.23,0.0,17.0,0.0,0.8,18474.53738554434,5.567615630273405,0.0,0.026482501488966654,0.09477752996861061,11550,5000,0.25921429525385914,1036871.1868754046,4000054.0319736386,0.0,0.0,0.0,0.0,0.0,0.0,0.0,0.0,523672.3166037397,1702225.1638520923,1178552.8472483526,0.30763986323565007
173,holding,60.0,3000,0.0,97.23,0.0,17.0,0.0,0.8,18468.971026172283,5.566359372055128,0.0,0.026463940149115767,0.09486134682259727,11550,5000,0.2591947694081375,1036558.802274437,3999150.1550798416,0.0,0.0,0.0,0.0,0.0,0.0,0.0,0.0,523514.546603251,1701865.9512409766,1178351.4046377256,0.3076120926101798
174,holding,60.0,3000,0.0,97.23,0.0,17.0,0.0,0.8,18463.405922775186,5.565103397096304,0.0,0.026445388673500443,0.0949450973080948,11550,5000,0.2591752381884664,1036246.488158889,3998246.4968561307,0.0,0.0,0.0,0.0,0.0,0.0,0.0,0.0,523356.8122014591,1701506.8068150945,1178149.9946136354,0.30758431885505416
175,holding,60.0,3000,0.0,97.23,0.0,17.0,0.0,0.8,18457.842075069737,5.563847705447229,0.0,0.026426847059021274,0.09502878145386613,11550,5000,0.2591557015846233,1035934.2445128672,3997343.057392078,0.0,0.0,0.0,0.0,0.0,0.0,0.0,0.0,523199.113390337,1701147.730529864,1177948.617139527,0.3075565419749723
176,holding,60.0,3000,0.0,97.23,0.0,17.0,0.0,0.8,18452.279482772577,5.562592297158091,0.0,0.026408315302577267,0.09511239928868137,11550,5000,0.25913615958638625,1035622.071320476,3996439.8367771544,0.0,0.0,0.0,0.0,0.0,0.0,0.0,0.0,523041.4501618566,1700788.722340899,1177747.2721790425,0.30752876197459894
177,holding,60.0,3000,0.0,97.23,0.0,17.0,0.0,0.8,18446.718145600298,5.561337172279231,0.0,0.026389793401069603,0.09519595084130116,11550,5000,0.2591166121835847,1035309.9685658166,3995536.835099932,0.0,0.0,0.0,0.0,0.0,0.0,0.0,0.0,522883.8225079882,1700429.7822040333,1177545.9596960451,0.30750097885856
178,holding,60.0,3000,0.0,97.23,0.0,17.0,0.0,0.8,18441.15806326944,5.560082330860933,0.0,0.026371281351398577,0.09527943614049014,11550,5000,0.25909705936607696,1034997.936232988,3994634.052448448,0.0,0.0,0.0,0.0,0.0,0.0,0.0,0.0,522726.23042070103,1700070.910075311,1177344.67965461,0.30747319263144435
179,holding,60.0,3000,0.0,97.23,0.0,17.0,0.0,0.8,18435.599235496484,5.558827772953554,0.0,0.026352779150465553,0.0953628552150084,11550,5000,0.25907750112372097,1034685.9743060857,3993731.4889106383,0.0,0.0,0.0,0.0,0.0,0.0,0.0,0.0,522568.6738919625,1699712.1059109727,1177143.4320190102,0.30744540329780623
180,holding,60.0,3000,0.0,97.23,0.0,17.0,0.0,0.8,18430.041661997875,5.557573498607112,0.0,0.02633428679516685,0.09544620809363881,11550,5000,0.2590579374464367,1034374.0827692023,3992829.1445733886,0.0,0.0,0.0,0.0,0.0,0.0,0.0,0.0,522411.15291373857,1699353.369667373,1176942.2167536344,0.3074176108621799
181,holding,60.0,3000,0.0,97.23,0.0,17.0,0.0,0.8,18424.485342490003,5.556319507872135,0.0,0.02631580428240621,0.09552949480513105,11550,5000,0.25903836832415256,1034062.2616064284,3991927.019523359,0.0,0.0,0.0,0.0,0.0,0.0,0.0,0.0,522253.66747799417,1698994.701301305,1176741.0338233109,0.3073898153290215
182,holding,60.0,3000,0.0,97.23,0.0,17.0,0.0,0.8,18418.930276689203,5.555065800798663,0.0,0.026297331609080238,0.09561271537826706,11550,5000,0.25901879374682707,1033750.5108018514,3991025.113846646,0.0,0.0,0.0,0.0,0.0,0.0,0.0,0.0,522096.21757669264,1698636.1007695314,1176539.8831928386,0.30736201670279345
183,holding,60.0,3000,0.0,97.23,0.0,17.0,0.0,0.8,18413.376464311765,5.55381237743712,0.0,0.026278868772091096,0.09569586984180384,11550,5000,0.25899921370446366,1033438.8303395553,3990123.427628556,0.0,0.0,0.0,0.0,0.0,0.0,0.0,0.0,521938.8032017956,1698277.5680292025,1176338.764827407,0.30733421498788865
184,holding,60.0,3000,0.0,97.23,0.0,17.0,0.0,0.8,18407.82390507393,5.552559237837515,0.0,0.026260415768334787,0.09577895822452641,11550,5000,0.2589796281870708,1033127.2202036219,3989221.960954222,0.0,0.0,0.0,0.0,0.0,0.0,0.0,0.0,521781.4243452636,1697919.1030374828,1176137.6786922193,0.3073064101886984
185,holding,60.0,3000,0.0,97.23,0.0,17.0,0.0,0.8,18402.272598691878,5.551306382050211,0.0,0.02624197259471252,0.09586198055519637,11550,5000,0.25896003718468935,1032815.6803781305,3988320.7139081857,0.0,0.0,0.0,0.0,0.0,0.0,0.0,0.0,521624.0809990558,1697560.7057519634,1175936.6247529075,0.30727860230953774
186,holding,60.0,3000,0.0,97.23,0.0,17.0,0.0,0.8,18396.72254488175,5.550053810125304,0.0,0.026223539248121555,0.09594493686259328,11550,5000,0.25894044068741934,1032504.2108471565,3987419.686573975,0.0,0.0,0.0,0.0,0.0,0.0,0.0,0.0,521466.7731551295,1697202.376130292,1175735.6029751624,0.30725079135471184
187,holding,60.0,3000,0.0,97.23,0.0,17.0,0.0,0.8,18391.17374335964,5.548801522112841,0.0,0.026205115725458337,0.09602782717550044,11550,5000,0.25892083868534516,1032192.8115947732,3986518.879035266,0.0,0.0,0.0,0.0,0.0,0.0,0.0,0.0,521309.500805441,1696844.1141304162,1175534.6133249751,0.3072229773284726
188,holding,60.0,3000,0.0,97.23,0.0,17.0,0.0,0.8,18385.626193841577,5.547549518063084,0.0,0.0261867020236225,0.09611065152268712,11550,5000,0.2589012311686236,1031881.4826050514,3985618.2913745283,0.0,0.0,0.0,0.0,0.0,0.0,0.0,0.0,521152.26394194516,1696485.919710316,1175333.655768371,0.30719516023506677
189,holding,60.0,3000,0.0,97.23,0.0,17.0,0.0,0.8,18380.079896043553,5.546297798025972,0.0,0.026168298139508855,0.09619340993294409,11550,5000,0.2588816181274207,1031570.2238620585,3984717.9236739897,0.0,0.0,0.0,0.0,0.0,0.0,0.0,0.0,520995.0625565952,1696127.7928284125,1175132.7302718174,0.3071673400786619
190,holding,60.0,3000,0.0,97.23,0.0,17.0,0.0,0.8,18374.534849681502,5.545046362051539,0.0,0.026149904070013618,0.09627610243505617,11550,5000,0.2588619995519321,1031259.0353498593,3983817.7760153287,0.0,0.0,0.0,0.0,0.0,0.0,0.0,0.0,520837.8966413431,1695769.733443227,1174931.8368018838,0.3071395168634081
191,holding,60.0,3000,0.0,97.23,0.0,17.0,0.0,0.8,18368.991054471313,5.543795210189874,0.0,0.026131519812033738,0.09635872905780499,11550,5000,0.25884237543239735,1030947.9170525155,3982917.848479456,0.0,0.0,0.0,0.0,0.0,0.0,0.0,0.0,520680.76618813915,1695411.7415134877,1174730.9753253486,0.3071116905934186
192,holding,60.0,3000,0.0,97.23,0.0,17.0,0.0,0.8,18363.448510128823,5.542544342490873,0.0,0.02611314536246333,0.09644128982998491,11550,5000,0.25882274575907516,1030636.8689540867,3982018.1411468904,0.0,0.0,0.0,0.0,0.0,0.0,0.0,0.0,520523.67118893267,1695053.816998051,1174530.1458091184,0.3070838612727841
193,holding,60.0,3000,0.0,97.23,0.0,17.0,0.0,0.8,18357.90721636982,5.541293759004494,0.0,0.026094780718197378,0.09652378478038659,11550,5000,0.25880311052225036,1030325.8910386288,3981118.6540976577,0.0,0.0,0.0,0.0,0.0,0.0,0.0,0.0,520366.6116356711,1694695.9598561842,1174329.3482205132,0.3070560289055216
194,holding,60.0,3000,0.0,97.23,0.0,17.0,0.0,0.8,18352.36717291004,5.54004345978061,0.0,0.026076425876129586,0.0966062139378065,11550,5000,0.25878346971227395,1030014.9832901955,3980219.3874106733,0.0,0.0,0.0,0.0,0.0,0.0,0.0,0.0,520209.58752030076,1694338.1700472124,1174128.5825269115,0.30702819349563804
195,holding,60.0,3000,0.0,97.23,0.0,17.0,0.0,0.8,18346.82837946517,5.538793444868893,0.0,0.026058080833150723,0.09668857733105438,11550,5000,0.25876382331948367,1029704.145692838,3979320.341164963,0.0,0.0,0.0,0.0,0.0,0.0,0.0,0.0,520052.59883476666,1693980.447530587,1173927.8486958204,0.30700035504711837
196,holding,60.0,3000,0.0,97.23,0.0,17.0,0.0,0.8,18341.29083575085,5.537543714319199,0.0,0.026039745586154184,0.09677087498892825,11550,5000,0.25874417133428085,1029393.3782306035,3978421.515438481,0.0,0.0,0.0,0.0,0.0,0.0,0.0,0.0,519895.6455710119,1693622.7922662403,1173727.1466952285,0.30697251356386057
197,holding,60.0,3000,0.0,97.23,0.0,17.0,0.0,0.8,18335.754541482667,5.536294268181351,0.0,0.026021420132032885,0.09685310694022846,11550,5000,0.25872451374709005,1029082.6808875377,3977522.9103087336,0.0,0.0,0.0,0.0,0.0,0.0,0.0,0.0,519738.7277209786,1693265.2042140465,1173526.4764930678,0.3069446690497741
198,holding,60.0,3000,0.0,97.23,0.0,17.0,0.0,0.8,18330.21949637616,5.535045106504695,0.0,0.026003104467672723,0.09693527321378682,11550,5000,0.2587048505483676,1028772.0536476829,3976624.5258526495,0.0,0.0,0.0,0.0,0.0,0.0,0.0,0.0,519581.84527660755,1692907.6833341094,1173325.8380575017,0.3069168215087271
199,holding,60.0,3000,0.0,97.23,0.0,17.0,0.0,0.8,18324.685700146823,5.533796229339169,0.0,0.025984798589968237,0.09701737383839654,11550,5000,0.2586851817286149,1028461.4964950788,3975726.36214637,0.0,0.0,0.0,0.0,0.0,0.0,0.0,0.0,519424.9982298378,1692550.2295869782,1173125.2313571405,0.30688897094450757
200,holding,60.0,3000,0.0,97.23,0.0,17.0,0.0,0.8,18319.15315251009,5.532547636734019,0.0,0.02596650249580386,0.09709940884289618,11550,5000,0.25866550727833854,1028151.009413762,3974828.419265867,0.0,0.0,0.0,0.0,0.0,0.0,0.0,0.0,519268.1865726071,1692192.8429332033,1172924.6563605964,0.30686111736090377
201,holding,60.0,3000,0.0,97.23,0.0,17.0,0.0,0.8,18313.621853181354,5.531299328738761,0.0,0.025948216182067885,0.09718137825610698,11550,5000,0.25864582718810836,1027840.5923877668,3973930.6972860508,0.0,0.0,0.0,0.0,0.0,0.0,0.0,0.0,519111.41029685194,1691835.5233335258,1172724.1130366737,0.3068332607616699
202,descentToAlternate,22.259,2865,0.0,97.23,-6.065,16.0,0.0,0.8,18313.220541537583,0.4013116437706116,0.0,-0.0013377247514979832,0.03370426611203509,11550,5000,0.06447696115734396,2133.4224857587833,33088.13640507289,0.0,0.0,0.0,0.0,0.0,0.0,0.0,0.0,1077.4861039185773,13265.554262917147,12188.06815899857,0.08122435614549542
203,descentToAlternate,22.259,2730,0.0,97.23,-6.065,16.0,0.0,0.8,18312.813720727616,0.40682080996735703,0.0,-0.0013517299226283054,0.03386618805492945,11550,5000,0.06362451579800756,2133.3757354607806,33530.718602774636,0.0,0.0,0.0,0.0,0.0,0.0,0.0,0.0,1077.46249265696,13443.238716976834,12365.776224319874,0.08014902623846762
204,descentToAlternate,22.258,2595,0.0,97.23,-6.065,16.0,0.0,0.8,18312.40116734952,0.4125533780980597,0.0,-0.0013658550941711076,0.034038076400868734,11550,5000,0.06276108072803648,2133.3283433788456,33991.262078854714,0.0,0.0,0.0,0.0,0.0,0.0,0.0,0.0,1077.4385572620433,13628.13853185246,12550.699974590418,0.07905984773663642
205,descentToAlternate,22.259,2460,0.0,97.23,-6.065,16.0,0.0,0.8,18311.982592823755,0.41857452576454324,0.0,-0.0013802655894952344,0.03422464827615778,11550,5000,0.06188587223360889,2133.280283488799,34471.200073516295,0.0,0.0,0.0,0.0,0.0,0.0,0.0,0.0,1077.4142845903025,13820.828102067115,12743.413817476812,0.07795584147589238
206,descentToAlternate,22.259,2325,0.0,97.23,-6.065,16.0,0.0,0.8,18311.55780375597,0.42478906778403885,0.0,-0.0013946952834129312,0.03441824003519878,11550,5000,0.06100686503351782,2133.2315221726894,34967.073312170185,0.0,0.0,0.0,0.0,0.0,0.0,0.0,0.0,1077.3896576629745,14019.918398229884,12942.52874056691,0.07684707050784281
207,descentToAlternate,22.258,2190,0.0,97.23,-6.065,16.0,0.0,0.8,18311.126682182738,0.43112157323533307,0.0,-0.0014090250939027794,0.03461365115450967,11550,5000,0.0601379921082061,2133.1820369011257,35471.45426908996,0.0,0.0,0.0,0.0,0.0,0.0,0.0,0.0,1077.3646651015786,14222.42968145569,13145.06501635411,0.07575109803540322
208,descentToAlternate,22.259,2055,0.0,97.23,-6.065,16.0,0.0,0.8,18310.689108185412,0.43757399732724644,0.0,-0.0014233617388871814,0.034811783333262104,11550,5000,0.05929032735558995,2133.131813932443,35977.737163418264,0.0,0.0,0.0,0.0,0.0,0.0,0.0,0.0,1077.3392999658804,14425.710825041755,13348.371525075876,0.07468188660039649
209,descentToAlternate,22.259,1920,0.0,97.23,-6.065,16.0,0.0,0.8,18310.24501888757,0.444089297842234,0.0,-0.001437503779450431,0.035007948101725084,11550,5000,0.0584653790312343,2133.080839296803,36484.51228131498,0.0,0.0,0.0,0.0,0.0,0.0,0.0,0.0,1077.3135552004055,14629.189929613682,13551.876374413276,0.073641367730117
210,descentToAlternate,22.259,1785,0.0,97.23,-6.065,16.0,0.0,0.8,18309.79430899187,0.4507098957002228,0.0,-0.001451524913975588,0.035205022730755396,11550,5000,0.05766025284440067,2133.0291056688875,36993.05848389154,0.0,0.0,0.0,0.0,0.0,0.0,0.0,0.0,1077.2874271054986,14833.370075060537,13756.082647955038,0.07262593878897086
211,descentToAlternate,22.258,1650,0.0,97.23,-6.065,16.0,0.0,0.8,18309.336914635507,0.4573943563612725,0.0,-0.0014653222736522138,0.03540000933625405,11550,5000,0.05687874820968795,2132.9766007831786,37500.413914170436,0.0,0.0,0.0,0.0,0.0,0.0,0.0,0.0,1077.2609094864538,15037.055822003307,13959.794912516852,0.0716404143363043
212,descentToAlternate,22.259,1515,0.0,97.23,-6.065,16.0,0.0,0.8,18308.872768408597,0.46414622690907464,0.0,-0.0014790263186504264,0.035594121547520535,11550,5000,0.05613260058065247,2132.92331719934,37997.94228551218,0.0,0.0,0.0,0.0,0.0,0.0,0.0,0.0,1077.2339985855253,15236.779291681785,14159.54529309626,0.07069958670160824
213,descentToAlternate,22.259,1380,0.0,97.23,-6.065,16.0,0.0,0.8,18308.401882611794,0.47088579680238485,0.0,-0.0014924189781011902,0.03578157410115244,11550,5000,0.05543084819981063,2132.869247064693,38478.01930391495,0.0,0.0,0.0,0.0,0.0,0.0,0.0,0.0,1077.2066904367136,15429.47681844995,14352.270128013235,0.06981485523531382
214,descentToAlternate,22.258,1245,0.0,97.23,-6.065,16.0,0.0,0.8,18307.924222262398,0.4776603493947854,0.0,-0.0015055352631274605,0.035965231330612524,11550,5000,0.054772241632259536,2132.8143918125425,38939.69514945625,0.0,0.0,0.0,0.0,0.0,0.0,0.0,0.0,1077.1789857639103,15614.756690928896,14537.577705164986,0.06898467949805952
215,descentToAlternate,22.259,1110,0.0,97.23,-6.065,16.0,0.0,0.8,18307.439642686844,0.4845795755539792,0.0,-0.0015186024909093685,0.0361525134178323,11550,5000,0.054150682807235624,2132.7587473671883,39385.6298166975,0.0,0.0,0.0,0.0,0.0,0.0,0.0,0.0,1077.150882508681,15793.672851616262,14716.52196910758,0.06820141791137896
216,descentToAlternate,22.259,975,0.0,97.23,-6.065,16.0,0.0,0.8,18306.948067448113,0.4915752387313018,0.0,-0.0015313976691227475,0.03633822683135136,11550,5000,0.05356617087019638,2132.7022968754172,39814.35040491253,0.0,0.0,0.0,0.0,0.0,0.0,0.0,0.0,1077.1223721593017,15965.622674686965,14888.500302527664,0.06746510262121178
217,descentToAlternate,22.259,840,0.0,97.23,-6.065,16.0,0.0,0.8,18306.449385444903,0.4986820032092942,0.0,-0.0015439798642356895,0.0365246061764129,11550,5000,0.0530295087338759,2132.6450314321555,40216.19438593433,0.0,0.0,0.0,0.0,0.0,0.0,0.0,0.0,1077.0934502182604,16126.720226183144,15049.626775964885,0.06678936790070338
218,descentToAlternate,22.258,705,0.0,97.23,-6.065,16.0,0.0,0.8,18305.943407016566,0.5059784283383273,0.0,-0.0015563189082619191,0.03671542257700567,11550,5000,0.052556276987749735,2132.586938095512,40577.20714487811,0.0,0.0,0.0,0.0,0.0,0.0,0.0,0.0,1077.0641101492483,16271.358232011058,15194.294121861809,0.06619386622748633
219,descentToAlternate,22.259,570,0.0,97.23,-6.065,16.0,0.0,0.8,18305.429741173208,0.5136658433587421,0.0,-0.0015686563113046035,0.03692245522941445,11550,5000,0.052154997771513494,2132.5279947710223,40888.27697996349,0.0,0.0,0.0,0.0,0.0,0.0,0.0,0.0,1077.0343407934456,16395.868007496945,15318.8336667035,0.0656893761465374
220,descentToAlternate,22.259,435,0.0,97.23,-6.065,16.0,0.0,0.8,18304.90797057556,0.521770597646074,0.0,-0.001580760500713168,0.03714510244576081,11550,5000,0.051823779053121896,2132.4681559107266,41148.44951243025,0.0,0.0,0.0,0.0,0.0,0.0,0.0,0.0,1077.0041191468317,16499.841741014363,15422.837621867531,0.06527360298672905
221,descentToAlternate,22.258,300,0.0,97.23,-6.065,16.0,0.0,0.8,18304.377477531165,0.5304930443976392,0.0,-0.001592619027163711,0.03739297588055874,11550,5000,0.05156843358637589,2132.407372897258,41351.0208590208,0.0,0.0,0.0,0.0,0.0,0.0,0.0,0.0,1076.973420655181,16580.555536951215,15503.582116296035,0.06495400098356485
222,finalToAlternate,10.714,270,0.0,53.502,-2.8,7.5,0.0,0.8,18303.4388447091,0.938632822064093,0.0,0.0036513741946248885,0.02167107326979835,11550,5000,0.2060529125152983,778166.9708213313,3776539.5369675085,0.0,0.0,0.0,0.0,0.0,0.0,0.0,0.0,393013.62162693497,1644190.5366823957,1251176.9150554608,0.23903167720448476
223,finalToAlternate,10.714,240,0.0,53.502,-2.8,7.5,0.0,0.8,18302.49888482478,0.9399598843203661,0.0,0.003667126991602592,0.021616366242420106,11550,5000,0.20574379334756832,778127.0670846018,3782019.6392028783,0.0,0.0,0.0,0.0,0.0,0.0,0.0,0.0,392993.4682245464,1646843.0925198018,1253849.6242952554,0.23863443336501167
224,finalToAlternate,10.714,210,0.0,53.502,-2.8,7.5,0.0,0.8,18301.557598290176,0.9412865346050153,0.0,0.0036829079454406568,0.021561704245806022,11550,5000,0.20543255729434048,778087.1069309844,3787554.9872854557,0.0,0.0,0.0,0.0,0.0,0.0,0.0,0.0,392973.28632878,1649533.6289681094,1256560.3426393294,0.238232964413469
225,finalToAlternate,10.714,180,0.0,53.502,-2.8,7.5,0.0,0.8,18300.614986058234,0.942612231941988,0.0,0.003698709743539221,0.021507110436265724,11550,5000,0.20511880200726929,778047.0903779927,3793153.444560481,0.0,0.0,0.0,0.0,0.0,0.0,0.0,0.0,392953.07594848116,1652267.4701995787,1259314.3942510975,0.23782655232025846
226,finalToAlternate,10.714,150,0.0,53.502,-2.8,7.5,0.0,0.8,18299.671049646844,0.9439364113900722,0.0,0.003714524692294189,0.021452609106743802,11550,5000,0.2048020983645263,778007.0174661393,3798823.4675279944,0.0,0.0,0.0,0.0,0.0,0.0,0.0,0.0,392932.83710411075,1655050.2723695077,1262117.435265397,0.23741444212540772
227,finalToAlternate,10.714,120,0.0,53.502,-2.8,7.5,0.0,0.8,18298.725791151606,0.9452584952366934,0.0,0.003730344865531202,0.021398225215662044,11550,5000,0.20448199533487232,777966.8882599534,3804574.0261185677,0.0,0.0,0.0,0.0,0.0,0.0,0.0,0.0,392912.5698282593,1657887.9587383126,1264975.3889100533,0.23699585231759207
228,finalToAlternate,10.714,90,0.0,53.502,-2.8,7.5,0.0,0.8,18297.779213246213,0.9465779053924167,0.0,0.0037461622710690512,0.021343983860380136,11550,5000,0.20415802555194817,777926.7028485247,3810414.509766997,0.0,0.0,0.0,0.0,0.0,0.0,0.0,0.0,392892.27416592155,1660786.6453996499,1267894.3712337282,0.23656998643036198
229,finalToAlternate,10.714,60,0.0,53.502,-2.8,7.5,0.0,0.8,18296.83131916964,0.9478940765715131,0.0,0.0037619690299959137,0.02128990971258557,11550,5000,0.20382971140964717,777886.4613455185,3816354.6225219322,0.0,0.0,0.0,0.0,0.0,0.0,0.0,0.0,392871.9501745043,1663752.5600608112,1270880.6098863068,0.23613604547069464
230,finalToAlternate,10.714,30,0.0,53.502,-2.8,7.5,0.0,0.8,18295.88211269983,0.9492064698091461,0.0,0.003777757562671281,0.02123602643466101,11550,5000,0.20349657147589958,777846.1638886326,3822404.2707311856,0.0,0.0,0.0,0.0,0.0,0.0,0.0,0.0,392851.5979235518,1666791.956569401,1273940.3586458494,0.23569324076420478
231,finalToAlternate,10.714,0,0.0,53.502,-2.8,7.5,0.0,0.8,18294.931598113973,0.9505145858567738,0.0,0.003793520775240698,0.021182356096718927,11550,5000,0.20315812701952116,777805.8106384769,3828573.4469472575,0.0,0.0,0.0,0.0,0.0,0.0,0.0,0.0,392831.21749418025,1669911.0279689634,1277079.810474783,0.2352408067943374
232,landing,10.618,0,0.0,53.502,0.0,8.0,0.0,0.8,18293.67474895505,1.256849158921484,0.0,0.008551169143035954,0.006068556791102553,11550,5000,0.2349163154158428,1200272.421481763,5109361.686339545,,,,,,,,,,,,
total,0,10951.277000000002,0,985000.0000000002,0.0,0.0,0.0,0.0,0.0,19320.82788991059,1027.1531409555241,1743.665966274577,6.142741508054198,11.686200196352846,11550,5000,0.2935365346410291,313980410.3005719,1069646784.1202254,,,,,,,,,,,,
