set_id,climb_h0,climb_h1,cruise_h0,cruise_h1,TOM,Mf,M_NOx
0.0,0.019019463443289822,0.04239157567619317,0.1769866695434803,0.13635587878637875,18488.123493559167,1053.1148402989,6.390926195964578
0.0,0.24872102965108722,0.24723155994919654,0.24898451045800518,0.24630612896480594,19570.910963982416,1019.6020655763027,6.0129928666091566
0.0,0.24753086100701543,0.24781711665618383,0.22804050090586026,0.24232468838575186,19497.310632207907,1021.8290225629328,6.047203941502535
0.0,0.06114437931870963,0.10312216590446752,0.11944061340903121,0.056397990499227404,18250.701613514404,1060.4780280498405,6.395149811296594
0.0,0.2423347531418294,0.0013706240686408855,0.010946024215312336,0.010772844558431114,17969.991130026407,1070.0455479983,6.416366213505134
0.0,0.21051539835143168,0.1526865162549804,0.14412826376154195,0.19105923031884406,18938.19588478957,1039.0160243072849,6.193346000968342
0.0,0.048899959505887394,0.24936712697370106,0.24026551133065527,0.032538054622778756,18652.85611081368,1048.0692321246886,6.29428674415874
0.0,0.24087920687860134,0.24771808654123906,0.010265808591077535,0.010772844558431114,18246.494380459266,1061.650883986706,6.332476207894528
0.0,0.2400874632073492,0.24849793250270225,0.01670497345574906,0.06790984133353392,18415.452722509635,1056.0445571200285,6.288774282917763
0.0,0.2466936067278004,0.15103153522757481,0.0009831383913496416,0.2459361846827972,18756.661976077816,1044.9444329582857,6.207633822508798
0.0,0.0023968121592367053,0.23948478142876567,0.22133546882874722,0.24613750302398693,19137.15867682037,1032.7776848747965,6.190167876015826
0.0,0.018679099158926432,0.010191409648628573,0.0006959226530010841,0.017662305867129302,17708.293481067223,1077.7910759594731,6.550057912166691
0.0,0.20499884749324263,0.20721943366754808,0.1558647882956183,0.2497855526332698,19202.83206267038,1030.7903857397314,6.118346489920887
0.0,0.24279297425994775,0.244599211456221,0.06342555729193766,0.24937490129719397,19045.654081163673,1035.8484961588788,6.138086591016728
0.0,0.2131150171141935,0.19360733878028963,0.23514904865947772,0.2482693520335787,19415.479158424067,1024.3387963464543,6.059831958837811
0.0,0.0007858339508192841,0.24287230897096315,0.19393748448943882,0.22569300731406447,19004.416505382436,1036.7883891141887,6.244561573877276
0.0,0.17965750477889147,0.2301781404976767,0.23426940631728238,0.22253061369546953,19336.368619815043,1026.69777524634,6.106510894227231
0.0,0.0010379234293735103,0.0969100320802797,0.18146176173514283,0.19224613705211616,18696.210114571873,1046.536021225071,6.349198672354904
0.0,0.0006539699796161761,0.04283648736602397,0.02279541935601756,0.11758362473658024,18029.42355162335,1067.389871983259,6.482586182523574
0.0,0.019020837910483895,0.2119593060641717,0.18383488858344035,0.19005913696193602,18860.759757877953,1041.2253106079002,6.284145169839581
1.0,0.1884846114488031,0.022991587158875865,0.10980295978486185,0.2521092453067947,18830.08575227599,1042.5947534761112,6.223893042590666
1.0,0.24141168766516904,0.10844559961152694,0.2160486670430264,0.4538486730752789,19924.61112671588,1009.5501868227427,5.852416728515741
1.0,0.036656326518435534,0.2487924428711137,0.2091946535293382,0.45630851237541903,19802.526633944555,1013.0241348753414,5.940229245915801
1.0,0.010033838214587587,0.02098441695752199,0.11901381961815559,0.2531721598545424,18621.900652815057,1049.0825823646494,6.3413350428747535
1.0,0.15464886662226374,0.2398371033513219,0.09399037671627072,0.3961458011517078,19438.4569060737,1023.7658863030541,6.013641019328978
1.0,0.0012443621549950712,0.2459062994607654,0.22345937639559119,0.3889817337505568,19579.365057419458,1019.629818038595,6.016686808104961
1.0,0.17755200219275832,0.23835650488050997,0.19625555854922302,0.4528349022683386,19946.654976136328,1008.491210820112,5.860412083102881
1.0,0.24375370484454345,0.21806859489220842,0.24600835928429543,0.4005092506690759,19999.981241993093,1006.8127942458516,5.828767214695201
1.0,0.23429874247341317,0.18330928534142868,0.008200826410585962,0.4973280431242672,19538.999028302438,1021.3199896343081,5.9587259651957245
1.0,0.18505594300701655,0.24877641690901522,0.1993252253501093,0.25535261559626715,19367.719150631194,1025.696769316146,6.08351181820192
1.0,0.1943468264943323,0.19093304688238938,0.17621185162783187,0.3950367793696572,19664.54835747739,1016.9313338768054,5.943616478502643
1.0,0.24722112093093138,0.21774465891899375,0.09243806881283298,0.4654012695772082,19750.965877749033,1014.5344964217753,5.9000254620579105
1.0,0.010033838214587587,0.03642769234454291,0.0005908449210216063,0.2531721598545424,18335.684589659242,1057.9215416098739,6.3961018942520695
1.0,0.23796170450031906,0.07029420347114941,0.025624475619357864,0.4412625321307496,19276.117980391104,1029.3457263507592,6.036800216629054
1.0,0.2249386024537156,0.0013605799822793418,0.0012503020801290649,0.399359504647798,18980.508959008563,1038.525118530269,6.13141703836175
1.0,0.2263377188529254,0.1977431467296279,0.2162129533478427,0.39953597427940274,19853.060659216782,1011.2509337881745,5.8800489312121975
1.0,0.21854359121477848,0.04219366024181123,0.003623905798910254,0.25244809312931105,18613.238729596287,1049.4287498234369,6.256803695797821
1.0,0.025153763848386343,0.1281643828053573,0.213344492786058,0.25209922958599035,19022.642173217737,1036.509946033199,6.215028232585743
1.0,0.2282262612207283,0.002825844456469634,0.1744108603184613,0.29842296314638567,19168.303340347913,1032.4114408005476,6.114700412948443
4.0,0.24580336426331312,0.21133645187165465,0.4077800505665464,0.24737043558054295,19992.224126825895,1007.3292785700193,5.8317651998520565
4.0,0.24517847650853886,0.20169172454743406,0.41379691148444003,0.00859518393766899,19258.757834109896,1030.2728147868165,6.050612937665118
4.0,0.15694659796988172,0.19510002742961158,0.41377766212588857,0.21221827854961348,19744.994747337267,1014.8959885715662,5.929272935889294
4.0,0.01730215655069447,0.007253933055089059,0.25101568745507713,0.0038897231436074986,18276.470682273874,1060.1948546274493,6.426014475689422
4.0,0.14368819727756557,0.07904651246979816,0.385017684593974,0.09212846265840985,19127.8993708287,1033.9997852936335,6.121987187394696
4.0,0.22323717439305413,0.1581906192570828,0.4304483039746123,0.15068229096275043,19648.776049976816,1018.0134421493196,5.946506444625996
4.0,0.24525045492265293,0.0465433623931149,0.4084865902261571,0.23992294137807701,19743.253418209544,1015.432164497653,5.906200383528454
4.0,0.24491404290077826,0.17250494205606476,0.4084865902261571,0.21363763323018925,19831.847355786515,1012.2723405723975,5.887996392261689
4.0,0.23731911562826152,0.06915920860654931,0.28684856530053315,0.24169465935856646,19414.02178443224,1024.8128277501983,6.0295827708845575
4.0,0.2392644613607674,0.1447753887130849,0.43736064154752075,0.10688161925598426,19539.14496582614,1021.5041935860439,5.973330226660057
4.0,0.029951110745177534,0.20468743701034514,0.25892196369704884,0.1728167985775991,19020.278274109067,1036.4674114752065,6.224319487561168
4.0,0.24606885773652518,0.1221937546396397,0.41210174018648404,0.2499510261569442,19890.314251731354,1010.6907724423523,5.856494762732629
4.0,0.05623224614033752,0.21066012619893107,0.3037622556728508,0.026596640740828476,18766.44191606777,1044.7279479763997,6.251539212964202
4.0,0.005482225761039523,0.06263435434711824,0.2604425692134244,0.06772029430398878,18522.760825477315,1052.27139635851,6.363896777461489
4.0,0.2480409643312166,0.2341528814425757,0.26014947277468986,0.24226993828082916,19572.45148480849,1019.5779133014701,6.006799760686907
4.0,0.22633908381685652,0.0027593969165937426,0.2523468110248056,0.0012133754500910745,18530.845595587398,1052.4671414698448,6.2916958344585945
4.0,0.2276029297341509,0.004643328722973961,0.4039733613908215,0.0028121842561852047,18941.016159054223,1040.343774399491,6.152882462035498
4.0,0.2126682141929316,0.2341528814425757,0.4250084543400855,0.21927660927640463,19936.613854947755,1009.0429293862776,5.862079018515075
4.0,0.016122817673667855,0.23706707722438272,0.28749282237824153,0.239352190579181,19317.924846629263,1027.4096374826408,6.107536678941181
8.0,0.10272494818156376,0.17227608137252867,0.5004966570221439,0.06862486511622197,19446.89666140453,1024.6912150848111,6.02940989530571
8.0,0.004017056040581314,0.2221948232940925,0.5225438733771799,0.11768650017258701,19586.084235068032,1020.5020567661785,6.027474729444389
8.0,0.24859154056927935,0.016914701620687533,0.5015110304865772,0.030182151726468022,19335.86445570577,1028.6714706690882,6.033708761686793
8.0,0.09633333846671314,0.23080219105245528,0.5001491320917382,0.11105055052137533,19644.54438999601,1018.4603264458833,5.97554274632305
8.0,0.2318346928277542,0.020613843163858017,0.50286017334758,0.004595557749722343,19244.940460188718,1031.5210315369302,6.061790396870437
8.0,0.24407882487216737,0.22466248954462423,0.5177835782407691,0.08627611620521164,19826.32617874528,1013.1191579592487,5.88919469183833
8.0,0.19302279047693804,0.24862708087419913,0.51169382249462,0.12945810759448836,19902.3707226404,1010.6091729094715,5.879096166210015
8.0,0.24103439222109777,0.2006185424526563,0.5014226439719852,0.06733379591778427,19681.412309539784,1017.5237550398714,5.928731317890142
8.0,0.24922973108979551,0.2011293338159513,0.5000621268477441,0.14479040468837773,19933.964075016876,1009.650118961368,5.857738670085538
8.0,0.12997623128290497,0.018282488784203743,0.5052293520384475,0.004595557749722343,19108.71226774324,1035.7204549611745,6.129362446019666
8.0,0.04930527684948921,0.2304787182384935,0.5315123806435262,0.1391296311101804,19755.680672373095,1015.3016422936562,5.964264634745753
8.0,0.15893870535395643,0.17898573767258516,0.5001394866427735,0.14721484090778414,19778.124441210894,1014.4341050758965,5.921848963366238
8.0,0.012777469183728518,0.19216637033467543,0.5006622149890596,0.030076496648295783,19232.156653677906,1031.372404290541,6.1178469545642535
8.0,0.0018461683581871696,0.03915089473983542,0.5002894544538348,0.060472120722066175,19110.243489750654,1035.6028138803067,6.178086955036318
8.0,0.2377220329917983,0.1357974034648523,0.5104915064749013,0.004849475108164261,19425.265439109786,1025.7341709677016,6.001173552479348
8.0,0.2326127022667741,0.14162929948592748,0.5314062580884691,0.01805939055263097,19525.9795406495,1022.7130128860845,5.975427200023766
8.0,0.05741287453522754,0.24873578171310284,0.5065824841083468,0.22765250813474566,19999.019747696722,1007.7303722284706,5.883470137843485
8.0,0.2326127022667741,0.22650121852162358,0.5314062580884691,0.1323064321200434,19999.385786626324,1007.8213858182694,5.844806722271731
8.0,0.021234490490380564,0.24477407798144538,0.505154433527533,0.23755069731323603,19966.891039405848,1008.7930924587445,5.903107325446382
8.0,0.00421689759642516,0.1817307682218053,0.5008342881365128,0.0801487252258749,19356.498975394963,1027.504934169094,6.090171105615553
8.0,0.0003579632455522064,0.008369309530909485,0.5061540781650551,0.006959490068929437,18930.848266871264,1041.3680383068595,6.231566702414542
8.0,0.10734873284666371,0.2313099606845735,0.5004966570221439,0.17664905588381505,19867.878431288533,1011.6079939406085,5.9095526172676145
16.0,0.23117396841266002,0.4225601780566803,0.0629136294641386,0.05960763112860787,18709.613011089456,1047.276990783095,6.188952779225598
16.0,0.24842568587690653,0.4955462090793318,0.0015965513032132755,0.24677546991119967,19195.208636287516,1032.1501406714033,6.065246218098414
16.0,0.016761458090820837,0.2597333295563265,0.18485979739484845,0.1549952200965574,18819.94535979326,1042.4840613269532,6.279802533507029
16.0,0.0006830371009036093,0.2656106983039558,0.19181143177063664,0.21399549587082262,18993.225154332547,1037.10629434164,6.2514724649289
16.0,0.020398922039310572,0.2728953079029535,0.021835606110812963,0.00481440039918845,18018.310769114938,1068.1356814769806,6.438862942646509
16.0,0.213295681891823,0.26867865212050124,0.2479398714374031,0.15280684482035958,19263.664590840617,1029.0865137458163,6.111170821842476
16.0,0.20572953347649803,0.4242548384083224,0.24877202084419925,0.17357859859826757,19522.076512750085,1021.3244149698287,6.031292616691159
16.0,0.014793948607479929,0.4362304940121786,0.13527211690361082,0.02355487732858208,18535.313988261623,1052.0624402309438,6.293006507815059
16.0,0.2484955337344219,0.4955462090793318,0.21834858487601294,0.2459920514059198,19816.029564272798,1012.4522190242511,5.9441601390960805
16.0,0.24121937204870006,0.4995419804656851,0.00011870952853546002,0.00987940797191035,18514.737182649573,1054.3427713593946,6.231362563441079
16.0,0.24214452005824194,0.3410884995205663,0.22911653519197928,0.24599165661610933,19628.50501990795,1017.8546223475594,6.010622324997245
16.0,0.2359648776425351,0.48203220507049127,0.24658238603758775,0.23518783381183725,19828.96815166668,1012.0068917157379,5.956374449781551
16.0,0.24772460266797452,0.49717208534525725,0.06369833463006497,0.09081621261767603,18913.730191086244,1041.139841460996,6.126180344843686
16.0,0.02935929002606298,0.40380465234813095,0.23271842680927807,0.21197198873614476,19316.560718441633,1027.2656516386967,6.148167772310481
16.0,0.02935929002606298,0.4023028842055206,0.24238430653576068,0.24339652554857366,19436.61606338441,1023.5864586728335,6.089270035437037
16.0,0.2294517757236407,0.277533903820959,0.0055427516006879216,0.024566707695602538,18291.630726385185,1060.2211417320236,6.31861555593916
16.0,0.010492390916572756,0.2504965512529714,0.14973907166332423,0.014703609296344317,18323.69748167267,1058.275226963313,6.37985022551157
16.0,0.05247018070699183,0.26433461623702026,0.19813483372249144,0.24501483036377983,19169.794124117827,1031.6901522039786,6.17320723373206
16.0,0.24509823532562225,0.4967038425920025,0.2443403263789603,0.2493483776216386,19900.89802591567,1009.8470845397966,5.927123822613892
16.0,0.23741050161546717,0.46635115789904225,0.21402568316982384,0.24216471649946184,19735.031726829013,1014.8331823403228,5.9696266558811155
16.0,0.23982776907269338,0.4803819739847606,0.1612984888174166,0.15722769202938933,19345.089140134212,1027.1287556394223,6.037244437839247
16.0,0.22885464235433997,0.443544916037821,0.10035086563586787,0.14531451174003057,19077.51255327163,1035.412978263552,6.1023483570670916
16.0,0.24347185955984876,0.4907567119769494,0.1574504280330637,0.23992706694383029,19604.220890507833,1018.9905597231785,5.98408406245065
16.0,0.06730670884048943,0.47893494233110756,0.043022421440067876,0.2133002073723165,18944.08474882433,1039.1932534926077,6.179473429096118
17.0,0.15607475296618636,0.47492770919552174,0.09868002270678732,0.38530728438119727,19735.521502046824,1014.8670646307938,5.918756010982712
17.0,0.24493946636850003,0.47909766659784325,0.09084443560938174,0.4271324399429055,19981.828604897622,1007.6221183023686,5.827738246934805
17.0,0.19383117287638998,0.2877726782744834,0.1035769405851575,0.3849281712524636,19550.998752590167,1020.3002295593574,5.977275026241014
17.0,0.21443219011500583,0.4035062718447554,8.315810625147274e-05,0.3810889730517585,19424.91244612713,1024.6589872786508,5.992596399102905
17.0,0.002728322933117436,0.2867993757938526,0.08480801015761799,0.2669899837939589,18884.8098359244,1040.4691283386815,6.2369990714995724
17.0,0.22546938543616665,0.48095779639584857,0.00027593278340517537,0.49971389680413275,19914.744452505853,1010.1399259928736,5.842287012132591
17.0,0.008647853730467857,0.2868275115699345,0.17957986970315223,0.25019909481453,19102.41278165727,1033.7376666659413,6.199049689615521
17.0,0.21646765509696306,0.2559299698199603,0.0001180958908154478,0.2620681774318906,18889.29513071126,1040.830904229555,6.174525676292701
17.0,0.176243890356905,0.4693609440476505,0.24914234029782656,0.25620312361283887,19797.53953896796,1012.8013927019977,5.955395448421234
17.0,0.0671674664050943,0.47372831680674665,0.2313888303386537,0.26027442623267794,19605.387681990338,1018.5342454218868,6.030009239682171
17.0,0.0021626387095511485,0.48589613969653556,0.2265978942846451,0.401936814288995,19957.96341604545,1008.0058325578643,5.895295026181186
17.0,0.22059343599080644,0.452675152329426,0.00030946722276292693,0.2765235644397399,19185.847800955475,1032.153909619119,6.0714861536597
17.0,0.23524573176800526,0.38822095263756873,0.23568967258887397,0.29456131458141704,19853.97427085982,1011.0119502621825,5.917454095911687
17.0,0.06806365369931794,0.46942912273336224,0.20925608614940155,0.31177778814750945,19695.795519313597,1015.7736528237099,5.980609109962394
17.0,0.2099278865407471,0.45273957156080136,0.017391509688234955,0.4109178153308394,19625.14056775624,1018.6019941073187,5.93070509548849
17.0,0.09997609287208886,0.4200308243042364,0.22667456219196178,0.3927972466874937,19983.17408400914,1007.1398597707729,5.866454924309462
17.0,0.14725037404363314,0.27287833531578565,0.08265058621904256,0.26035980012268317,19036.38065212417,1035.9186903806885,6.1579675557836016
17.0,0.027028565685963145,0.29173538536191,0.19321486644518096,0.2676222104888193,19222.977247557712,1030.0581998040075,6.152976097190319
17.0,0.236192649452492,0.4417526078123969,0.026358418455956614,0.4449097350252079,19780.759299676854,1013.9046272232532,5.881715640817719
17.0,0.0004417234349561334,0.42632719371746186,0.21740302437099818,0.25051195123391834,19377.757243190783,1025.377750889694,6.117889896309991
17.0,0.20152350827856086,0.30477034802530306,0.08265058621904256,0.3156521714488597,19314.662620687057,1027.4970359468377,6.0550204009764315
17.0,0.09603927613764912,0.39375418013123337,0.2171453757195939,0.25646777636611984,19487.121347660748,1022.0390075372504,6.062698743375373
17.0,0.005126695282978086,0.26088241146648383,0.0007643566744956615,0.27105632983823846,18644.714819620298,1048.061541950082,6.290215609040031
17.0,0.19502200915476253,0.40020809869054147,0.08088140054217413,0.4608504648975097,19875.6051263823,1010.7206970369023,5.868101488483295
20.0,0.0014382273655178424,0.2504045532135376,0.2504499608046481,0.003422884380027108,18539.220909205873,1051.6878840037339,6.335151068366635
20.0,0.003112543313715044,0.4011393378869744,0.2521326185437018,0.2084715750178133,19320.82788991059,1027.1531409555241,6.142741508054198
20.0,0.21039804336049697,0.48652605710071006,0.41196514935337614,0.14063096875214165,19993.55051599558,1007.522690322118,5.846371518585045
20.0,0.2295373691204415,0.3668917963028228,0.2924479377824497,0.013038015484316795,19124.341602549455,1034.219517334612,6.104665842466577
20.0,0.23750070459245445,0.44575673533668486,0.49025663958310767,0.05273717965032418,19932.979839664386,1010.0215612834929,5.8491836805138355
20.0,0.00023978503845949184,0.29902545342573084,0.2515405780848293,0.07304298133541721,18792.8865850665,1043.5885810856698,6.272949916316525
20.0,0.22789746439707897,0.35600319432204575,0.252707336759623,0.23318991248278084,19657.311682171527,1016.9950242550143,6.002681807486311
20.0,0.23737910500415899,0.25138999602355394,0.4368554594446675,0.005485209602919653,19368.305267701053,1027.0168461937544,6.02089426684647
20.0,0.23737910500415899,0.4231994956743689,0.43615803445879275,0.005485209602919653,19593.859679959503,1020.3733601820189,5.946654141275969
20.0,0.21039804336049697,0.48652605710071006,0.25375308797046425,0.14063096875214165,19525.426169191865,1021.5083374556759,6.01309590578181
20.0,0.2072018498914434,0.25049012867044873,0.2570832530583153,0.0022521291132475696,18821.25370345822,1043.3133321943046,6.205219887775537
20.0,0.16822610890700188,0.3079728509155665,0.2545445463797132,0.21096620634985866,19445.063182063324,1023.3859248569975,6.076557975003119
20.0,0.003182173512364772,0.49953812505923195,0.2782103644097729,0.22419429152113787,19573.08687462346,1019.6081903466531,6.050793267579271
20.0,0.20841269137625532,0.4837989786389059,0.2507673320190383,0.23290722104047165,19796.110583325266,1012.9622857182708,5.968675732585981
20.0,0.11406564018531318,0.49890661208067033,0.30896580438346033,0.2276880225452187,19834.79310623192,1011.7600790132656,5.938822335063211
20.0,0.22290267020926635,0.35587907390929774,0.25087625226826493,0.11041400241308746,19272.173108940595,1029.0989503284327,6.0872689841116046
20.0,0.24024628126224856,0.3494231267770796,0.49597836778209103,0.039958695965039495,19780.953176742172,1014.580000220627,5.899538433980613
20.0,0.017139172892743,0.25162997645859053,0.25097795838339976,0.2118958980988954,19154.42585538286,1032.2652541182445,6.185884309778031
20.0,0.0018605815580268054,0.48379098885059546,0.25076831040355935,0.05335780225840525,18966.211435290003,1038.6386416448645,6.199970657289802
20.0,0.20320848834467892,0.29721104505484675,0.42032608585787223,0.18282435203847863,19879.65430139161,1010.7053401824917,5.8891900745427606
20.0,0.1139069784265721,0.40901512740821294,0.41610266525193146,0.1296760329085276,19721.80681625147,1015.5873363150419,5.944542756920427
20.0,0.04420700088984727,0.47300904955339695,0.4010924199564591,0.23341455701901143,19990.548413372515,1007.2538384459829,5.878384211596375
32.0,0.24996058438030216,0.6922563684096633,0.18713475937228377,0.24550639974371827,19995.830269976555,1007.6667236759379,5.888353145918721
32.0,0.24903334431759055,0.6708381552800448,0.14705729648954358,0.1353301057322543,19502.527175557825,1023.2119578373431,5.9837069553800415
32.0,0.005130897061589965,0.5077090637047178,0.2400763349954449,0.22937897224527132,19492.469792958727,1022.0303738930857,6.09048448388458
32.0,0.20334988878231577,0.5778069673653458,0.24132401035554074,0.24958090063903787,19943.072025987436,1008.6960271890155,5.9216034470469525
32.0,0.08626132475300229,0.5505950540940123,0.23276861504878155,0.22030855690596515,19616.89193394126,1018.4173201802664,6.037389117303537
32.0,0.2323336761575448,0.6057256903733184,0.02771258070775933,0.04206013911900587,18793.35982933319,1045.799428902585,6.156507619749975
32.0,0.215261407942633,0.6471448743069974,0.19727373227819325,0.2243292410755465,19844.50525665701,1012.0585153164104,5.9292630590771545
32.0,0.24986000789038365,0.7036824651625829,0.1234295689141203,0.21407439190039518,19721.83636255164,1016.3622094482154,5.940914327155779
32.0,0.0024483150270745296,0.5249302796252839,0.14602351363627958,0.14075377735995287,18985.42560222367,1037.8565485996348,6.187741748703441
32.0,0.1322403727362264,0.508892478551512,0.1551429920211491,0.12574939139390154,19122.647624438145,1033.8981338883118,6.111256060026328
32.0,0.003330870537009159,0.6122005642234801,0.15030969096848812,0.22211170489096163,19349.543027948435,1026.7211331819724,6.107605359692162
32.0,0.007426879250094109,0.5197937975314387,0.021629626346007423,0.0062841094662073604,18288.342983691808,1060.4777811064757,6.342115507123458
32.0,0.028353667677815005,0.6620922899136479,0.12921183571735836,0.007855455226339667,18767.19709811434,1045.9046457789289,6.215725852881276
32.0,0.16179007608744653,0.5606454864857919,0.24132401035554074,0.22611371412953368,19783.563356330764,1013.4685787657809,5.974596875538318
32.0,0.0005913886097288212,0.509135747500808,0.14499560144929205,0.22479501686418343,19205.09692430921,1030.858360813124,6.150289284458778
32.0,0.24996058438030216,0.7036824651625829,0.19215671577925791,0.20667168100881206,19902.837234563813,1010.6553753757096,5.9046302577204095
32.0,0.002875399374215687,0.5084900020150717,0.013256757972072966,0.12777542690406524,18576.543262780047,1050.8803945037225,6.276985958334991
32.0,0.22663564457133456,0.6048234118758324,0.07956335816207237,0.045615642912203234,18933.641245664494,1041.1446496564624,6.120744718014318
32.0,0.1888990403806347,0.5886532827836257,0.23520463828287888,0.16406407250769764,19649.670551225714,1017.8895540100111,5.980678805452025
32.0,0.2100470851808554,0.5197937975314387,0.021629626346007423,0.0062841094662073604,18544.669790406577,1053.2773482472,6.227146744127715
32.0,0.0015625995575252738,0.7028460909003816,0.2461311706633541,0.24111825369586604,19804.6921202012,1012.9819939174819,6.0182212299736975
32.0,0.24748531465503038,0.6600022443787579,0.129149108706062,0.017700333540799647,19085.993481036956,1036.805051296928,6.083687127507705
32.0,0.18019583901244074,0.5116846060329628,0.1220479396276444,0.22937897224527132,19407.88545842663,1025.0103232306712,6.0391694032478895
32.0,0.24777134997010716,0.6896860982959139,0.1457301417467592,0.05126386166355111,19269.09316483251,1030.9918115009154,6.040205758431734
33.0,0.025198323989481256,0.5144501837156226,0.21211028112105398,0.2527234735711721,19520.68615352398,1021.1640860060777,6.06737823796256
33.0,0.05448979800010961,0.5323373059733174,0.15546959453500656,0.3087683175259707,19594.54766542464,1018.9984373424688,6.0067715928268
33.0,0.23286855606536203,0.5550234019877511,0.016313739752032427,0.4624291887895432,19957.89290388338,1008.8880672207913,5.827181846257195
33.0,0.20538554712814294,0.5798691460128342,0.06322481603555857,0.3216869573113306,19647.409186717705,1018.0483142377891,5.942027365474754
33.0,0.011228710381255405,0.5650654113470663,0.14576448515235024,0.2500084721530992,19369.80978003662,1025.9388076055316,6.096031757857695
33.0,0.24124572043005593,0.5369012300490094,0.015875329158220396,0.42564703215734134,19826.92287121044,1012.7857906982626,5.8647339043513735
33.0,0.2303384749045448,0.5520167122627561,0.06509764567498973,0.40118019477884526,19901.03869190829,1010.2970032088215,5.851992319752882
33.0,0.009025061276148223,0.5090089012407963,0.06661925459865095,0.47651978374782367,19758.399245190732,1014.3929676232237,5.939138940693825
33.0,0.1469578975580074,0.5052341475386342,0.02823406686665736,0.45775445435877227,19782.69270298696,1013.8467443213829,5.893026552990495
33.0,0.062295547515226056,0.5323373059733174,0.14553024995340788,0.4112274793582731,19897.508273002102,1009.9221073074173,5.893505087648773
33.0,0.2314184491002797,0.5345435749946928,0.007379604927524881,0.28250492387530474,19344.568221308604,1027.551463457024,6.02201446913645
33.0,0.1769553782473465,0.5503608253425956,0.23019978426517793,0.2586035283742285,19861.124671977395,1011.0522594279075,5.940614726409244
33.0,0.007742437153700196,0.5342731909028038,0.06639191311834866,0.25033333875316754,19104.372760222766,1034.1754778902664,6.151707087868615
33.0,0.03811165813993175,0.6010805544600306,0.2222366644673901,0.2649048688184817,19723.009906868952,1015.2016125443686,6.005013334112984
33.0,0.13952794188841472,0.5162300366118887,0.12580910622784,0.42934504846570365,19988.743469408197,1007.249185524734,5.845691899976028
33.0,0.010231399931438134,0.5323692121779213,0.021345823136258477,0.3310312550914043,19217.799479903333,1030.828535721719,6.098172535125122
33.0,0.058013005220084846,0.518059567730089,0.049628910320280745,0.3679535124120017,19456.483645071592,1023.472750056136,6.015452897491438
33.0,0.1507893752736756,0.5143826256992649,0.0008885800596509369,0.2527766407158238,19101.041159277418,1034.7978496683365,6.1070314549769
33.0,0.2294401072391822,0.5127316180216807,0.002668409509411218,0.3603274920648818,19535.2625820788,1021.602948047728,5.956199082163321
33.0,0.024520505303794717,0.5844827115384162,0.20696167471417304,0.3780106490679695,19992.762170665643,1007.0233145875486,5.8863236571216415
33.0,0.24168833225199882,0.5163568646264209,0.07733198495689239,0.42862560393958465,19992.963812970498,1007.4149166969831,5.822237006991662
33.0,0.0004825635544624257,0.5082713542118227,0.005079870123909994,0.2527766407158238,18901.975206310803,1040.5419964140551,6.200419919436291
33.0,0.23286855606536203,0.5550234019877511,0.016313739752032427,0.38040564673125676,19698.795967216785,1016.6891133447839,5.907604325181097
36.0,0.04780428876065782,0.5048592804994925,0.4139471049108715,0.03058419177557233,19444.57848189532,1024.5577272950159,6.025793771177458
36.0,0.09299618449453213,0.5783959875145629,0.28241578358242964,0.23583258694357204,19859.674618818535,1011.1050048504778,5.949735208625342
36.0,0.22950945117642194,0.575226224762836,0.45663429707085623,0.004411739716790893,19846.17512320051,1013.1877200996418,5.870907675629331
36.0,0.0006796273239224777,0.5124593432456575,0.25414296769379807,0.21465034541223446,19488.03366391206,1022.2027337705446,6.092632243527785
36.0,0.09483636862953197,0.5906014849202217,0.25198498207960013,0.23235449694549895,19777.59402377768,1013.6191117683195,5.9939785135917205
36.0,0.24689326123367777,0.501349450215151,0.42301827548313353,0.010330701937284224,19689.55441794016,1017.6180455460685,5.914998694174731
36.0,0.23968805932824427,0.5000380684625629,0.3079394894898575,0.0006218529151932328,19316.66193505983,1028.850835011975,6.035503205239779
36.0,0.23625079746176184,0.5589536339267097,0.29229568373755516,0.17994281945512375,19897.337493345916,1010.2971292113034,5.907850556157715
36.0,0.24789133850527104,0.5364654811329368,0.3269956126223256,0.18113354955515243,19991.875559570904,1007.4167418280636,5.867970847918775
36.0,0.08200193127408355,0.577181546987608,0.25509785241584787,0.00020400530546852043,19050.53316166138,1036.8341421172331,6.142299752868437
36.0,0.043744005029023966,0.514483782334375,0.2749724368295519,0.12968670535274818,19354.16691954781,1026.5681998014973,6.0927256216602625
36.0,0.09483636862953197,0.5182578204342926,0.25198498207960013,0.23235449694549895,19679.130213690798,1016.4379163717297,6.0141655888675745
36.0,0.1835670836095222,0.5745624528787385,0.41577082053148,0.08698446836399497,19916.250091032896,1010.2944297802642,5.86698395867252
36.0,0.039397047998347076,0.5990665973310897,0.2842427796562669,0.034879384720942416,19202.06970162522,1031.9408184423987,6.114648466743288
36.0,0.24584177988345252,0.5856950153391349,0.44795634019358677,0.03491578094309572,19955.706202127447,1009.6892263053433,5.8396728681554615
36.0,0.08747353348490784,0.5935110383076074,0.28163464399102006,0.14005646248693468,19571.26996473125,1020.1834802353023,6.021316494157054
36.0,0.2405625436410172,0.5204017691230699,0.43565624263715375,0.0872674800358064,19986.86424151933,1008.1773428110184,5.835180794664572
36.0,0.05808252445248134,0.5410110520871858,0.41796156448114036,0.06826178382238277,19634.281760475253,1018.6919772019655,5.971364554584106
36.0,0.2139892519260717,0.5004297378828391,0.39455151014622253,0.08863892299853032,19800.698595871883,1013.5964520326783,5.898164709823738
36.0,0.08565892822155911,0.5081192475200078,0.3384749561713233,0.18113354955515243,19747.006919285155,1014.5731022662902,5.961096838714827
36.0,0.005978367034196651,0.5353101289208086,0.2502460281035038,0.05548372356983011,19041.346956043606,1036.4714500620948,6.175163646080996
36.0,0.23287647460817648,0.5193227463108219,0.38292451514952036,8.3967282961811e-06,19544.841372171806,1022.0262424500711,5.961591194263372
36.0,0.22213154252343814,0.5579842862658645,0.25963814205655034,0.24691256430252664,19990.30618917304,1007.2449245803341,5.904214346675534
36.0,0.0006762232711921695,0.5126131756955719,0.255115082756478,0.005159071835335885,18874.590696958887,1041.811550162693,6.215702725718602
48.0,0.0011900558645957099,0.7644927539716009,0.089137548853921,0.24158781973290602,19431.452235560297,1024.835163367101,6.083490526006602
48.0,0.020865729634588607,0.8054580584705593,0.23674762548600872,0.24952400727123877,19973.91634313614,1008.1194595381921,5.982192557223536
48.0,0.24193556165368946,0.7795516198177573,0.1467808089854748,0.17730985405377636,19767.70956852689,1015.286670734884,5.939100911410804
48.0,0.08850357967986697,0.7854325190442909,0.16846624040892785,0.24859091426582752,19838.68554941687,1012.3890419520678,5.974060301862542
48.0,0.1449161876559053,0.7523436119632689,0.19943214947562315,0.24988361579011636,19973.680781388968,1008.2319787414256,5.92789472718494
48.0,0.0020165762126821557,0.762344797321914,0.15186284708815936,0.226525974896847,19564.111389341644,1020.6213946810756,6.061238093299428
48.0,0.15362642929896206,0.7522277407493433,0.10533038481135118,0.2482326888155184,19700.863336494767,1016.841988707412,5.974889685005726
48.0,0.227211530557781,0.7678528422838916,0.10318415547821827,0.16802426584724536,19574.180202548432,1021.3311747794241,5.982705651162949
48.0,0.23154636740236645,0.7894844962409181,0.1477930997755948,0.24981739922878238,19999.028097855007,1007.9439938930525,5.898602107035421
48.0,0.0368358227070351,0.7830859146586593,0.14093886172037157,0.24314525511505228,19661.643484642424,1017.7596720148113,6.026743819655629
48.0,2.689400452857149e-05,0.794832250944745,0.09735396593743055,0.0036869320725835767,18796.784347589048,1045.611348647486,6.2294325416223675
48.0,0.2450585565238237,0.7633274960688043,0.17310784683168043,0.2034277873009559,19910.828845739114,1010.6708878696129,5.907696739641601
48.0,0.2083838170239358,0.7948976986989634,0.12484392678804046,0.23496382421887932,19855.710334908857,1012.3897662349416,5.934811583559678
48.0,0.2148152045426251,0.7500956338336917,0.08712725588156799,0.04020916723793526,19106.123482565832,1036.4696736256885,6.09414800247619
48.0,0.08719163694340296,0.7569637554996703,0.1412381892940365,0.09755599635000725,19257.929804317195,1030.7467558128228,6.087693367250262
48.0,0.036760936012998235,0.7588438412605691,0.1469726754564545,0.016451163977696734,18970.575706283264,1039.9550497485452,6.172268116126119
48.0,0.10740343340493036,0.7837281841347417,0.0580477645990012,0.24272386935948276,19522.185729200148,1022.5095222622524,6.0309607915192185
48.0,0.2498130839893559,0.7620509104001689,0.14905857996865957,0.07294926383181284,19441.057711962505,1025.8630938022472,6.008037430175426
48.0,0.0003218546447243259,0.7730799167949429,0.00447830055293055,0.2165255010312664,19129.350706567206,1034.5865319072193,6.1541656654475805
48.0,0.24105255432723488,0.7730855547351672,0.12820851848167222,0.02415690996164285,19238.503057260332,1032.55258513657,6.062860189321311
48.0,0.21509458474751705,0.7569637554996703,0.11443394291708235,0.09546808382653743,19354.805894998965,1028.336207477991,6.03293576752011
48.0,0.002572329669361788,0.7685379696248357,0.006884467507359507,0.0028999774431568634,18529.011592197843,1054.2365027224287,6.293401566916124
48.0,0.002808412864865238,0.8054580584705593,0.23674762548600872,0.20451075196323,19804.19888469184,1013.3640600089072,6.0219169766303144
48.0,0.1463315779478604,0.7634111028421946,0.0027730226934841694,0.021967797313388285,18751.36291297117,1047.8008037094426,6.203629168167661
64.0,0.4682980601716521,0.22046446823707838,0.24103508782997687,0.22066942792118158,19749.953302364927,1014.5358221002302,5.970048146489626
64.0,0.3586638441682986,0.17589276955758543,0.2081198268714691,0.17319924861981623,19294.403919042074,1028.3440521167372,6.078664282937334
64.0,0.46466445025382386,0.154991962715035,0.21077081898150346,0.24591233094809206,19645.686289368645,1017.6873509642596,5.98490209274039
64.0,0.2582052495546667,0.015560493634577822,0.14463615599037524,0.18920531757988215,18827.972606445463,1042.7262728588717,6.226443667749933
64.0,0.46057660156539204,0.18622491176684633,0.0372226743087225,0.09453342306858652,18751.385853494292,1046.0388190965652,6.182329617050147
64.0,0.2567206278963957,0.24355850502231252,0.21823639744259338,0.22695566322948074,19429.930026575646,1023.908557629312,6.072670049493138
64.0,0.39485689666451695,0.23503930571077933,0.2409624029465195,0.211511406769339,19634.271016478797,1017.9460298956312,6.00406760992572
64.0,0.47391821404766243,0.21560204387809379,0.19269450427959747,0.05814314364071296,19121.98430114502,1034.4442532263947,6.09635617850159
64.0,0.25046913364287016,0.0286327207919784,0.021580198420140737,0.1497752068857753,18403.497072346767,1056.0379328608506,6.3105293198729555
64.0,0.4682980601716521,0.22046446823707838,0.24103508782997687,0.24456453635593015,19825.049311262024,1012.2099121105412,5.94896660953011
64.0,0.2803036159282914,0.21850894519700154,0.14736572589084718,0.14145213744602553,18980.418331311077,1037.961733681715,6.153696931679734
64.0,0.4823980022044818,0.06380434033996671,0.003162323003004827,0.01723203552444874,18333.421805501024,1059.4922163334672,6.2898184772576755
64.0,0.2561407563708987,0.16802080768179775,0.21099445222514632,0.17722550468062975,19162.471602898026,1032.1954756967118,6.134946997631639
64.0,0.4663076176751729,0.154991962715035,0.12720225118693315,0.24081073873909778,19391.63811824575,1025.5532009251292,6.034485776682081
64.0,0.2777571534751958,0.0674995740395752,0.20299849820294116,0.013273675355904,18579.16669842829,1050.8481804802088,6.262747750901671
64.0,0.25423169117943917,0.0626723485864347,8.245722638104344e-06,0.013160215000218328,18032.632113071748,1068.1302560654717,6.392033563107779
64.0,0.4810930387373694,0.07470272492563651,0.24961917809221995,0.20075630013410445,19535.80439543203,1021.2481329429581,6.019407417091942
64.0,0.4971518483143646,0.24953916521430003,0.24711109709169563,0.24418689350974576,19924.890811684327,1009.2309990243244,5.929116732981406
65.0,0.4656294446114373,0.21008618706773574,0.05543929330767826,0.48000799512200454,19999.511898077104,1007.4191267614958,5.812393360376986
65.0,0.4868951582251893,0.18696645362669378,0.24991927925070687,0.29000145553816703,19977.572132199166,1007.5881278683169,5.8705169043373875
65.0,0.40013788136159095,0.20646972963441604,0.09449357154648033,0.4402936866019107,19887.421586695556,1010.5117938634112,5.8480817358374715
65.0,0.4187748657380964,0.12688609474086637,0.09765015943345708,0.41778647910952055,19744.16628278007,1014.9247552413717,5.886718679381137
65.0,0.45405375136183374,0.07451057550250621,0.04020164656340125,0.4998228099956027,19812.291905342525,1013.3915204098502,5.85940193914853
65.0,0.34452563190844904,0.24609880448215982,0.011269934964340048,0.25706590437079585,19065.17018320498,1035.699485274994,6.114846208674795
65.0,0.4388385750800845,0.022816557251795704,0.003649166359815742,0.44907205560518737,19457.17556955204,1024.2566466632813,5.961163531643104
65.0,0.3543776020842091,0.2446504850578956,0.1815647389262805,0.304000062968508,19701.712741330444,1015.7543127635522,5.947976289326668
65.0,0.36906612211785195,0.02821466206120206,0.001598771997014436,0.2905846351220604,18895.544106115474,1041.0386230279048,6.148048732414161
65.0,0.47285477167006196,0.20592937348927176,0.18852612545316727,0.3129787951511459,19871.503801999766,1010.7845872298276,5.893612443564722
65.0,0.2725514542936845,0.18856942617798483,0.1981224257960143,0.2539004135107044,19404.089532375237,1024.7257283003469,6.057961570041036
65.0,0.2521641722833586,0.19035255643665425,0.056132043108674395,0.4505551715173219,19568.88879255233,1020.1322913005165,5.948749810554814
65.0,0.26904270914904993,0.028083364782238412,0.21677972323682895,0.2510622842439385,19235.01079635561,1030.2710547354316,6.106391569857706
65.0,0.31367804647385683,0.023516688409670066,0.005910645309531129,0.4127839455681662,19181.133062522764,1032.4107747566172,6.054500761546671
65.0,0.34343625147878043,0.24957535969072364,0.21111580357692278,0.2525873507329807,19619.492330162186,1018.2441212112336,5.999654234268582
65.0,0.4585258129016486,0.19029989473366324,0.24769887452555972,0.25563445766703224,19824.04787781219,1012.2232862850317,5.934250804690775
65.0,0.3488468984116054,0.2258045577851293,0.1986010327385371,0.3865271249872231,19979.53833616995,1007.4064862064304,5.838059115922057
65.0,0.345099140107867,0.18860175430089993,0.1981224257960143,0.2539004135107044,19506.891946718366,1021.6951135743814,6.022658719859967
65.0,0.26311145328625024,0.03468227760239042,0.007594960906369484,0.25101107461539074,18668.329987408903,1047.8012816565092,6.234098782896571
65.0,0.4637087944937266,0.11275078528929273,0.06080132659429309,0.4983145772636343,19936.076430002166,1009.4981752166757,5.8247024203393645
65.0,0.4221030532764119,0.1094870997127414,0.0011993120603485796,0.478272547318481,19631.00009997439,1018.8394783378312,5.910305319404862
65.0,0.4685009174063337,0.14823724806596023,0.0532587065162531,0.29188962810762764,19329.931795792392,1027.6128597934953,6.028123828607958
65.0,0.2679628899031719,0.019728503107151754,0.09380249437310542,0.2557526236223353,18898.99539865328,1040.5652381384295,6.1833641446486745
68.0,0.4832851362958148,0.24012857479071706,0.2803687059928901,0.23784071540574497,19971.18007598734,1007.8266515388607,5.898063754077604
68.0,0.2818511401528053,0.00631756564838061,0.27165129537795074,0.08576752652564223,18894.909498613262,1041.04796907582,6.189060045159285
68.0,0.27425950149166883,0.13142869535535145,0.2558963340942101,0.21595074285539292,19381.65718842031,1025.5661337412798,6.0679723717226235
68.0,0.28627454359722276,0.23381101156454,0.2933012770705869,0.1652113380111451,19486.675706593043,1022.41120711862,6.026151555107182
68.0,0.28066270418710815,0.06978256009108245,0.4296716123811396,0.24289431354718713,19899.686770016968,1010.6909161837103,5.851838934891403
68.0,0.42556004471830877,0.06644194378722648,0.43649973723414004,0.02433921198513546,19446.691867747188,1025.0069994684268,5.976343980316553
68.0,0.4716177651454234,0.07427767000778326,0.2511912922787611,0.0016178555409737116,18937.186245132943,1040.3530898306258,6.145539800191784
68.0,0.31054971042468005,0.0951318968204761,0.42960366972139896,0.11236551130225682,19569.360590948865,1020.7066005110319,5.955689645049443
68.0,0.4836814090965467,0.20365868290923872,0.2518701900390511,0.23784071540574497,19835.710684794707,1011.9249928618955,5.9468573137868415
68.0,0.4526204012741969,0.22495414219623777,0.3536202264384708,0.19733931401269525,19996.108300798718,1007.2370966616365,5.854697429505369
68.0,0.2837081978115949,0.009348603440244622,0.26593228818704423,0.010223028158525146,18673.044291637616,1048.1373844278514,6.239470286557295
68.0,0.3084576726180626,0.059958414344367494,0.43685499978028836,0.003130570713427816,19212.240301332517,1032.112061298605,6.0534909884206165
68.0,0.32556486197409934,0.07707002892236672,0.42990334268575003,0.24927113697524916,19997.831363679154,1007.6910871395744,5.815067527683622
68.0,0.49986371122948237,0.07281914324901394,0.4368991620631517,0.10627121667411399,19816.664233859592,1013.4986543645409,5.873191389480329
68.0,0.28520095668594214,0.0372726735766952,0.4296073221781726,0.2102344494663425,19758.49469464227,1015.0825484609177,5.904152168050851
68.0,0.28251480709750243,0.007600731795542687,0.36958829132949544,0.15377483839825218,19367.686145903048,1026.7947438607503,6.035171859237434
68.0,0.3233813497039721,0.06453935514729646,0.42836508496994746,0.24475415622758973,19957.981975415696,1008.9362436951246,5.829070018863291
68.0,0.33236148271685007,0.23580977936693018,0.309813828167643,0.24619637331201788,19855.991004748794,1011.1449111159657,5.896983501952867
68.0,0.4025792184384215,0.08985470462058931,0.28812964235925337,0.032636339383275856,19053.673395318878,1036.462559831868,6.114458859428721
68.0,0.25551343136792254,0.05804552195248529,0.2581140216560077,0.2078225558289141,19242.30710992905,1030.0050335107962,6.109859845558426
68.0,0.4688333725635794,0.07061500965732266,0.49223871359626775,0.02047052665905412,19663.90660864386,1018.7284378743263,5.910396302545783
68.0,0.4627725578152483,0.15910458071809533,0.28155618868213506,0.1985457633338626,19708.952003642094,1015.8682020254173,5.960679613467497
68.0,0.3405886034717077,0.2280822148995328,0.2542024521457406,0.2160480126390062,19599.29647304843,1018.9130129187268,6.014122116152565
80.0,0.497875613384401,0.49998625573118294,0.1627086717739808,0.14198806758667257,19697.151209861266,1017.2856736473809,5.89125611598845
80.0,0.49590766887288146,0.4121871038764303,0.08915058651740333,0.23825544264653523,19658.74281918518,1018.0140657568079,5.925203931571481
80.0,0.49048674492305994,0.4976667896288495,0.16302174847106782,0.002730353332055291,19261.88841011369,1031.5903380328052,5.9984185219602555
80.0,0.27322374295543306,0.250007750382977,0.02297101914320726,0.006212441452671594,18309.183545843112,1059.7998523553908,6.31138840302469
80.0,0.38408349810462855,0.3016639407894961,0.24939638339634956,0.21828256436330093,19754.69111900009,1014.2874852686814,5.975689855187577
80.0,0.49731182680376684,0.36280016803161796,0.04769255871075174,0.2237141472934444,19430.687942911492,1025.0900493961099,5.990016300420013
80.0,0.48991605093632806,0.4996013240434578,0.18554400066001028,0.22005782084114445,19999.588586481994,1007.608342926387,5.836037599700785
80.0,0.3956491293327443,0.4802758998944927,0.21087821181600058,0.24753792091479412,19996.0708540689,1007.289237047775,5.872308591522344
80.0,0.49825307367781535,0.4309658472388369,0.163041593683667,0.22220741261535093,19855.77345422785,1011.8464259279017,5.8790987096745315
80.0,0.26699892129541025,0.44794311161019523,0.20956107993713788,0.1979805891715617,19602.86141262138,1018.9968269873727,5.990037021889589
80.0,0.4993999063217756,0.4999870083932665,0.12518885088965323,0.24548958227960027,19913.581082152545,1010.3658181120308,5.850145171570382
80.0,0.3238486736142715,0.4309097593786562,0.004045573007328662,0.22220741261535093,19150.54764141898,1033.5988084134062,6.073061939613607
80.0,0.3300685122485072,0.45092192934264336,0.19703513015672874,0.24591149165794945,19811.203351321317,1012.7004417349726,5.930160779979483
80.0,0.260538846355897,0.2505303859023836,0.09696883738562947,0.0537064895715887,18612.137703570825,1049.8054087714336,6.236697851353413
80.0,0.2519510365673228,0.3049987601450928,0.23388634584150086,0.2210399436093947,19531.4208817431,1020.8346490659605,6.051043373777612
80.0,0.2613511701381954,0.2648978505370695,0.09671497199779908,0.19174213262727086,19020.350965091053,1036.6937704490458,6.147386369976045
80.0,0.49869054588467543,0.4985553190910825,0.12273635347137665,0.07276685026328283,19369.84052567093,1027.9025924266623,5.964535833366321
80.0,0.4909154354402904,0.49995085454132265,0.07897600560687973,0.16592700578910427,19517.506683999927,1022.9851614748281,5.933578471034498
80.0,0.4806196868382111,0.44143874533461835,0.01467253953804626,0.07171772629428319,18969.27467745237,1040.4881100383757,6.077058507384754
80.0,0.4828906828137071,0.3068977662318444,0.24341625858925336,0.23998184164017658,19958.785830674642,1008.2318077102119,5.918850238302861
80.0,0.2651974916147386,0.3743801906755039,0.1475514762676763,0.1979805891715617,19325.363365722467,1027.3993720721796,6.060222242607635
80.0,0.49885903574254664,0.4912673229162403,0.07757491314597376,0.030757064755513583,19110.33879746025,1036.3861595527915,6.030026263909175
80.0,0.276758000811951,0.35602599220147724,0.11687604732829546,0.04685911945262953,18795.107217328106,1044.453302982128,6.1723176598535305
80.0,0.3422344929306962,0.43800107898362195,0.0021830592799545016,3.8528004982538167e-05,18549.071439011917,1053.5041072227582,6.2129215969872185
80.0,0.49856646280835626,0.44362899758779084,0.024488876317526203,0.005246284827426249,18833.015351896847,1045.2333380152872,6.109169598832881
81.0,0.3011817673854822,0.430242917086374,0.1405471455864881,0.346384287881806,19889.38169150679,1010.2274039784629,5.87150073627083
81.0,0.25120842545886246,0.2541019028037814,0.003854643040369421,0.25013058608119276,18909.338288702344,1040.2936524187746,6.166571943759783
81.0,0.4986400814237411,0.47178631684780065,0.006047202116130742,0.3070212117262461,19713.836091285917,1016.8334142854847,5.884957796158698
81.0,0.25143641173593395,0.3842007171362683,0.007924904799636479,0.2534495217617032,19093.981858399304,1034.8601768161748,6.102944461032889
81.0,0.3438810353919468,0.46729143095186354,0.04419209663698931,0.41096010285264634,19920.773590928668,1009.834835950724,5.832297301189656
81.0,0.3541116512148804,0.417048548175457,0.048553824265618446,0.38465668993885893,19796.253075648638,1013.4797938314296,5.874931918581408
81.0,0.3207982543090415,0.46200242885346354,0.16877745107298744,0.26035394563685116,19774.3590938918,1013.8515691233098,5.929273970090046
81.0,0.25397034194098267,0.2676173538291449,0.21111131354909943,0.2532606006176025,19517.373353217146,1021.2118389501512,6.035922541823126
81.0,0.3542572305140646,0.47253224926930765,0.004830383300477987,0.25974954078305496,19360.24376220476,1027.3097208961683,6.006759168429217
81.0,0.2590742558298076,0.27209117310380776,0.013827813596545918,0.416349558322463,19460.90050421058,1023.451665436214,5.982881087832469
81.0,0.43221109154958026,0.2832838960270957,0.24535646236417416,0.25157491827688094,19893.357276383493,1010.085308863587,5.932920667128801
81.0,0.2517838580639629,0.27131849040854245,0.16375323125361663,0.26109642210078,19407.265148928396,1024.5884926425047,6.054493486226615
81.0,0.2652691600442161,0.41244559155248006,0.0011010935440770864,0.4228136795205237,19640.13626754354,1018.2704387471526,5.920013093931305
81.0,0.49354885917539104,0.4696867020899963,0.004525972193454714,0.25776380937302573,19547.052450987845,1022.0360841825975,5.936470296915396
81.0,0.32758443049490127,0.415339563649556,0.24986287848628666,0.2526624416418385,19937.87730189581,1008.7078951989649,5.910953881085449
81.0,0.35000320513627775,0.29210968228574513,0.14757473683638256,0.28100249136992983,19588.803364339306,1019.2623220647909,5.985668145226317
81.0,0.3552917855980862,0.47977234767599886,0.04209347885685058,0.42613256695003043,19997.495477541608,1007.5906284961669,5.807119371026705
81.0,0.25366248805587865,0.273976834243717,0.0572956100216339,0.255565581615786,19098.8498551313,1034.280928417969,6.119209659189517
81.0,0.419163373881284,0.4646608462508031,0.0019358521419245989,0.4288852885640633,19959.570483651252,1009.0840967513152,5.810787192433624
81.0,0.25143641173593395,0.38402297089234055,0.23166384643823082,0.25317903049257573,19729.878583033737,1014.8307327760658,5.975125400448636
81.0,0.49962320993821074,0.48063415905658446,3.38044699548035e-05,0.3554633691273362,19861.846210961463,1012.3308138148514,5.835599177277405
81.0,0.26137044991959724,0.2523088482932504,0.003815639082495284,0.35035041542133843,19212.1836571547,1030.9995705941612,6.061755377267465
81.0,0.3243657795677132,0.4656149924380152,0.1435407566247374,0.35062635118050195,19995.773051188644,1007.1180716707738,5.836171807041817
81.0,0.25076760243489316,0.3842007171362683,0.24563657559812302,0.31830603387493894,19977.082270545478,1007.3015600133015,5.867278860286248
84.0,0.4366174712990275,0.45788677099264463,0.4029534228198687,0.006867287071741359,19837.811846319768,1013.4752438115968,5.858645829696741
84.0,0.2520000318852055,0.2672637269028425,0.26194083083483377,0.007726396798955898,18930.2961050874,1040.0611138359777,6.1679383723830306
84.0,0.4280982090754003,0.2643531426884337,0.40831540062556937,0.07799732003024522,19799.321056433295,1013.7720588756818,5.895140384575143
84.0,0.35782088658834976,0.45788677099264463,0.27690222974985557,0.006929108849596768,19358.107245940944,1027.7649843793843,6.014704203012004
84.0,0.2651849617330581,0.3586782381826644,0.25548567878653344,0.22981726492525464,19712.739605926312,1015.3803310383053,5.98689874385523
84.0,0.3750061528136652,0.47088004316440485,0.38666349913308,0.0020451076054965912,19701.927488931484,1017.4864586861622,5.903036512985077
84.0,0.2516553443656431,0.2761755624374075,0.2614035670745107,0.2119717266640932,19544.370054842657,1020.4596902460153,6.035377359408876
84.0,0.3004307024080308,0.33894923068194316,0.2913417202415005,0.03306496079708171,19241.88212740358,1030.6174927657491,6.069193682886421
84.0,0.34495861469932143,0.36938656965911437,0.2632062809387154,0.14240208745093574,19594.479727895352,1019.4333927725713,5.9879077138946775
84.0,0.43749982350719663,0.47475328064412614,0.4089980877039366,0.03124671176120907,19957.990215685473,1009.699201792969,5.8238514835354
84.0,0.36175268794701404,0.31686931370670535,0.2561530330701756,0.2298676199090794,19799.118602416977,1012.8856177217783,5.963277481582409
84.0,0.2602471484529508,0.2898182081785678,0.38966373907294083,0.22423262536504937,19994.064740598114,1007.1107546647377,5.850091295016173
84.0,0.31818244953684854,0.3766993145723413,0.31375087588373307,0.22775235851958442,19983.303284553094,1007.3422014477842,5.876710292287852
84.0,0.358535164570118,0.27653830754949843,0.3528012875264119,0.1872927352321079,19892.88718957566,1010.2436909927085,5.8901102746162355
84.0,0.43389384457321223,0.28961550226146204,0.2710178821786565,0.21798929319971402,19874.885020472044,1010.7244260990441,5.935632943863075
84.0,0.25137666763535216,0.284678943832816,0.2515188021385917,0.08903744723870097,19158.49216887538,1032.6316927447251,6.117216510523301
84.0,0.31940751474562096,0.35746173920757524,0.2544269835081378,0.0116938518573,19126.282685940285,1034.4009060629007,6.0966265570900955
84.0,0.3529802678356343,0.37996662637784234,0.3909850068199486,0.0034549131626400026,19564.555555638926,1021.3476949293237,5.952189585953626
84.0,0.2831027549034595,0.4414333490464286,0.3852554133593228,0.0437399925697399,19653.7911397084,1018.3103456534182,5.930884016720395
84.0,0.297966935722534,0.47574367252936905,0.2708947137400183,0.06962630789933497,19468.986572951704,1023.8044237598705,5.998552226597818
84.0,0.3118176510785905,0.4740525055785497,0.44341199125016356,0.06962630789933497,19995.838915220495,1008.0686815792253,5.823650688135047
84.0,0.35703675518397215,0.4205648139772922,0.25548567878653344,0.23913794107400307,19962.860074901142,1008.045752990464,5.9107982020858145
84.0,0.2515666499057549,0.3453402420843835,0.2537378057215347,0.13368130694150193,19376.110302698296,1025.8696954216389,6.061126783945823
84.0,0.31422947239226684,0.35413088875203186,0.47974391259026383,0.06437085595656565,19925.362139305806,1010.1374201127228,5.851673080853425
84.0,0.3460989809063289,0.4329322328787892,0.2785560028842745,0.15797899866332896,19775.639351041315,1013.9989027651965,5.931647628990648
96.0,0.40387960206035983,0.5385094687487036,2.0620156849920912e-05,0.007401024466662446,18765.951696101863,1047.5224084821705,6.140278339528823
96.0,0.25569090735972505,0.5038786991377554,0.24612237500177195,0.21288340103179998,19816.34803012889,1012.540981078462,5.9448512270764375
96.0,0.25171508772869733,0.6504435187580974,0.23466563629185372,0.21219404293914218,19976.99276438905,1008.1184115023793,5.893656293947785
96.0,0.26981229359945913,0.5006513990525522,0.24711200370680977,0.08120752080656377,19429.035781974188,1024.964985873009,6.013111984942897
96.0,0.3670473725815624,0.5042813414957449,0.21946900735876868,0.007948198685479229,19272.598550168328,1030.6516039072064,6.026251571271613
96.0,0.25424914348139444,0.5833653374700115,0.21527933226139467,0.15882384565385627,19662.671360986064,1017.6994937174657,5.9559336397372284
96.0,0.3345047663795554,0.5777312951457995,0.10249657844783883,0.1838498156371141,19520.21356303288,1022.5097064838161,5.962646142448641
96.0,0.2574325026247388,0.5032682841066562,0.09029081144123305,0.008202756119550271,18771.326185194743,1046.0404739438409,6.160593004765321
96.0,0.49835189648249884,0.675366533368278,0.09936391812881981,0.19877552458049672,19929.502062940308,1010.8826944467789,5.837551575194825
96.0,0.49800722811169384,0.6056896342249961,0.19274242060163274,0.09310981090030883,19777.46978950072,1015.4856145221004,5.867221713573134
96.0,0.4906095096619992,0.5509564285992388,0.0016161991693424416,0.07879966513533565,19106.269788275993,1036.872782094074,6.032761930220654
96.0,0.2574325026247388,0.5030538455377852,0.00062911142484251,0.008202756119550271,18536.448859313175,1053.7690997584739,6.223005514825008
96.0,0.2583546004853997,0.5445258697302964,0.09318047094414915,0.0512386697105202,18953.604879253122,1040.2776322567663,6.110641685520477
96.0,0.34481374319032376,0.5800260546465335,0.24192233699385718,0.19961381060675565,19999.679093882383,1007.4736799647346,5.867502751314227
96.0,0.46352357191461346,0.5900922717935976,0.166160786316107,0.17338913923668933,19879.00325697378,1011.8133094964692,5.853259595280205
96.0,0.3672384643283927,0.5268171820582759,0.19503342377364147,0.2102422749746175,19851.9438676534,1011.8864739874042,5.895162845761665
96.0,0.25822985611619953,0.5031479263539536,0.15954548521366527,0.21288340103179998,19564.964381138063,1020.330268004471,5.986193189037703
96.0,0.4970052694927601,0.5415475487803016,0.17167940436757195,0.008813820583032386,19370.746596541525,1028.39115315638,5.967249999406015
96.0,0.496501745802574,0.6270667760995541,0.16892587759573202,0.17374647175601754,19989.09229949381,1008.688698786896,5.8202651656873226
96.0,0.2554741975887129,0.503064926901902,0.22003148982843557,0.010924625271378302,19127.40462196279,1034.6770898104958,6.083891268218913
96.0,0.4989639429308277,0.5348202264641926,0.17206661700179576,0.08227093772451505,19588.570693394267,1021.1009448480488,5.911484003481176
96.0,0.4177665778597851,0.5388472711431547,0.1530689243765649,0.1736516423173442,19703.544662519293,1016.8714336190579,5.9066585908067255
112.0,0.4898638389640516,0.754857624024335,0.1607405530601612,0.1316610385649139,19998.375836225652,1009.1577764879942,5.836278373118342
112.0,0.2712607877548734,0.7528852069416726,0.03633484802079472,0.07760873279510455,19156.20317909485,1035.186630614808,6.073848349439444
112.0,0.2534021115658055,0.7914445978927215,0.1142163367021505,0.2179091846426893,19831.93009575557,1013.3570189801758,5.927023481540909
112.0,0.2532031390077245,0.7671601991118374,0.05510994278099227,0.1907030558970212,19541.10612885774,1022.5743832286223,5.987755698368401
112.0,0.4845309310693667,0.7529749095993101,0.0716934887505522,0.16599030303383575,19829.832893526927,1014.5227414282487,5.87793323710336
112.0,0.46905411109321815,0.7681630332771471,0.056581596720824016,0.20699396137448084,19912.57792605448,1011.8719616835581,5.867977487014642
112.0,0.3020932217994874,0.7560585251508318,0.13192658364040133,0.20651477401119764,19871.910088309767,1012.1476355907389,5.901079254275647
112.0,0.3737744471756793,0.7797295137594074,0.12992900878827804,0.20272124202822425,19993.621028108653,1008.7712502168599,5.864442071353156
112.0,0.473928437006952,0.7548081553038039,0.06497408348978304,0.12756302654000853,19676.911880625245,1019.4611935873533,5.916636143108597
112.0,0.2649317069817042,0.8059859168826933,0.0965388830407571,0.19088691358584822,19731.67594390921,1016.7075136315814,5.948237279946326
112.0,0.2534914017825764,0.7894033380857588,0.10438161702251703,0.05114508801750591,19290.24208353539,1030.971114937695,6.050020236169702
112.0,0.25053362905814575,0.7859628066222729,0.01444521740183563,0.048165088753835586,19024.28869249255,1039.6725736651028,6.120818431524077
112.0,0.4007227733042155,0.7502094286779005,0.125952526192585,0.13709719183285804,19772.85729558686,1015.870614297904,5.9013593486575395
112.0,0.2549020034987502,0.7521711081521628,0.0013049246069384672,0.0002143141006377136,18815.707217745017,1046.4685834331076,6.171388663792515
112.0,0.2521105600144937,0.8172583163735531,0.12405018245527377,0.24780875862617702,19990.443969994143,1008.4506226354981,5.900338145833393
112.0,0.36483122564220927,0.7805545271676992,0.11435424719965294,0.09743256812490961,19604.74558382015,1021.3263279818855,5.95376336599849
112.0,0.48518893986580286,0.7530215483111262,0.14036636282084394,0.1379228638903885,19947.32682094812,1010.7425380969767,5.8480710471605235
112.0,0.3867470729508363,0.7521711081521628,0.0013049246069384672,0.021598114105961352,19053.624230344278,1039.5454028139734,6.094139118099995
112.0,0.34104306496063946,0.7528796167597912,0.0027326898369243492,0.1602142172738807,19404.59870307089,1027.5379637685705,6.005872464126919
112.0,0.4881856644585676,0.7514254732501211,0.011545811559181319,0.04742207265253498,19296.401723727595,1032.1839290640842,6.017813683977202
112.0,0.4845917931388742,0.7523692463468279,0.0393125612052261,0.09345736663324447,19509.870002416355,1025.0299852367916,5.95848547151699
128.0,0.7334687225372896,0.2413119870566581,0.08927117095239877,0.15122625578449364,19504.0367132479,1023.2447235712865,5.910046479619359
128.0,0.7486338375003663,0.24206196199375427,0.2377851325090603,0.16071545902807166,19995.05694074466,1007.7759198389274,5.807626813850236
128.0,0.6860889936333732,0.16953215996676582,0.2174686529818881,0.23787432871336703,19986.045112073858,1007.6908567995324,5.859238957681402
128.0,0.5380161909481355,0.1739633784078753,0.23236429723773078,0.2273100255882086,19783.771081015708,1013.6170016743014,5.957122631075016
128.0,0.7306241390648732,0.22163622218945744,0.09258313554774852,0.08052107072283166,19271.054734744946,1030.7456589971662,5.96890785488009
128.0,0.5143582574352003,0.0899474189208012,0.0018890211205709329,0.1662301103229602,18812.140276568538,1044.0867984792253,6.169051900295334
128.0,0.5995764941344862,0.19275143965941574,0.24996499023593508,0.23975600007189188,19993.30382034482,1007.3189168498277,5.904045573527787
128.0,0.5616181504030663,0.023132385385283158,0.02530179927376416,0.22453862315774425,19022.058009215634,1037.5189276824403,6.119667123173361
128.0,0.6699904904993967,0.2308588392843028,0.15553847675765947,0.17769285196492698,19672.344271400452,1017.585745707954,5.904300473699598
128.0,0.721374132803655,0.2462794589023542,0.004505665820077956,0.002974798381243829,18824.50585408178,1045.6477781723174,6.081746500554479
128.0,0.7151725583552057,0.08097902244157981,0.08819555762046571,0.21006173658914967,19441.55188328547,1024.7305380568034,5.967337642499896
128.0,0.7330608150029103,0.1901116967624455,0.19702311932314556,0.1841315311238743,19851.81723736846,1012.0355792462874,5.853694420194538
128.0,0.6013578528300698,0.18820930090927843,0.1588597572217883,0.2079239578875277,19618.859620673367,1018.907602819981,5.965548722404908
128.0,0.5301757602836996,0.01745417469030372,0.23188324309138839,0.22453990264846796,19551.400214566635,1020.9271687433475,6.023409173598939
128.0,0.5030209602817997,0.07914531775710223,0.16002079887810486,0.21542910110342206,19360.812327838852,1026.6066973252732,6.049477064468077
128.0,0.7483464072602453,0.2119933066753723,0.0023759789653548385,0.059022062770372974,18971.66690088945,1040.6272088250532,6.044539071179786
128.0,0.7499285390342216,0.2461488614827072,0.19673839252997816,0.16578447190069584,19895.150538548034,1010.8753891143751,5.8228761666266475
128.0,0.7493462690802093,0.24691800884046727,0.13954092299792764,0.15833323270482433,19702.26640647015,1016.9681205067075,5.860590974441013
128.0,0.7492995536130374,0.24836679475908535,0.023338382486930046,0.155466885856183,19360.596437930526,1028.0238188268822,5.939976749824536
128.0,0.523223890851611,0.0047020647998667064,0.005408866912238304,0.015332865031395887,18316.278709841506,1060.13423578107,6.294689277326712
128.0,0.500214411910699,0.0031193924761345106,0.0008962160317060649,0.13918817300668493,18609.920973302662,1050.403541519302,6.222039172424063
128.0,0.7481525279643322,0.2478678165633743,0.08679210473688752,0.009646250604757795,19104.409703268433,1036.5438698900498,6.001937684137365
128.0,0.6776315650235408,0.057943502653059864,0.21704103725783694,0.24360987609886414,19836.03923419088,1012.3355515297262,5.913040834489287
128.0,0.7494825544836268,0.003038321166472402,0.006007828764773845,0.008348855684692236,18584.077672047428,1052.5704328261936,6.17235407601381
128.0,0.6000505280787857,0.1806111268412377,0.16062610358039356,0.05621014243151654,19155.79508078245,1033.7905803267145,6.062334569634645
129.0,0.7274752127094574,0.2210456741685275,0.002620626779294144,0.39095633640807403,19961.36361045253,1009.1461418373008,5.783716217172837
129.0,0.7218164832416956,0.22282548700686725,0.000698543290382464,0.4059623404296267,19997.720486512048,1008.054176920776,5.772965102784509
129.0,0.6642078128528892,0.20819473531429245,0.023915243801684555,0.31270306076675397,19667.177476088844,1017.8973587721675,5.898338877487916
129.0,0.7170228673061645,0.009297909010747233,0.16910830837341487,0.2708697053150328,19770.8477901868,1014.4681081535766,5.903223226531113
129.0,0.6943678649670606,0.18243640551615678,0.026902240744013727,0.349231915970559,19799.11959244209,1013.8653414345602,5.8490170699204995
129.0,0.5504100912075793,0.12069120615284651,0.19292184528488643,0.26479568747023186,19730.180477996662,1015.2736133735912,5.9511567361295565
129.0,0.5953300543274705,0.2092141556881696,0.23124652088292433,0.2516823098507122,19991.496101546163,1007.350625594118,5.898389441359861
129.0,0.538193146025886,0.22035627610594044,0.14258565414248062,0.32017583159215174,19873.53527596523,1010.9009485500046,5.891484481203416
129.0,0.5129752281120477,0.002486534796845838,0.1479459543505545,0.270033279303176,19404.698721326666,1025.4065363583074,6.027202540759257
129.0,0.5470581478589625,0.12076291415886575,0.19241506840728245,0.3472070305788162,19984.88038008538,1007.5481427261602,5.844634533244065
129.0,0.6943678649670606,0.18243640551615678,0.08610321349553168,0.354716784790554,19993.908395808954,1007.664142031506,5.801055670144551
129.0,0.7217852615646165,0.22852379620891275,0.008184653925252035,0.31253038282663026,19731.77395164561,1016.1510031844637,5.859002895354834
129.0,0.5139819046610913,0.13325144989550425,0.013232219612813137,0.2507309415486493,19139.86331152777,1033.75349809508,6.085026008477733
129.0,0.5142580898407281,0.007857260439431718,0.21798518570199155,0.25199753062726116,19559.834333617426,1020.654962793187,6.004132788418556
129.0,0.509685330816829,0.04175778050848843,0.1479459543505545,0.3176359036080327,19597.200893933215,1019.4514355103872,5.955900785388799
129.0,0.7297519024429809,0.22839255622028204,0.0074886697162404176,0.2511951484392697,19551.33519122594,1021.8111589784789,5.9115960066707425
129.0,0.6992122914926958,0.22310624112911634,0.12053082480569548,0.2724386033074528,19898.422308862002,1010.5492174063817,5.843894976978601
129.0,0.6646127226190387,0.18506360047348047,0.011278500553490077,0.2769356666759616,19490.291153596732,1023.399638618569,5.952785797152055
129.0,0.7059287187826468,0.21993806085070605,0.03397153716626193,0.3584084964407053,19918.033783365838,1010.2533934507471,5.808296026647897
129.0,0.5166406759453444,0.012250644108109332,0.0008938755389608404,0.25075061324386194,18957.07809694405,1039.4932594940935,6.132300053597641
129.0,0.6917875217094536,0.0027137839684848175,0.0017774064525983443,0.25118556804196507,19186.791036722698,1032.833624535304,6.041707962226898
129.0,0.5613479753479212,0.21861885931941524,0.23102638985256066,0.2500167549848591,19947.777446319615,1008.6267836963382,5.917306765808204
129.0,0.7452402644568482,0.23271549451516865,0.007797429338160528,0.3411755017593959,19860.90975638895,1012.2185036092275,5.81381837262792
129.0,0.7297519024429809,0.10660661011718887,0.0074886697162404176,0.2505394048724067,19388.28796940936,1026.6583148775305,5.970091410728418
129.0,0.517886020758547,0.005487363585872103,0.0006662749653055244,0.3567044938680177,19259.29485422776,1030.2683423829658,6.027389986636585
129.0,0.5140565674580835,0.22190172563904811,0.21479753331874024,0.2520448866531049,19839.91480217542,1011.8314801107365,5.938129035108659
132.0,0.5094055642851024,0.10283937586870177,0.41356919750745047,0.13635512762758029,19897.416237489415,1010.8007288226809,5.856276630753891
132.0,0.7412930468072307,0.039548216104550074,0.30953522373646924,0.07977399864999468,19664.804498776535,1018.2374504265813,5.907768023641827
132.0,0.5189797904607595,0.05888470721827203,0.26263111017384416,0.13032766998155657,19392.175734778582,1025.9098920931945,6.038039315883699
132.0,0.5120900286065109,0.14239993682642513,0.3093565552331049,0.20886152411965384,19873.48696420617,1010.9796580460865,5.902349314527489
132.0,0.5104303364695787,0.1114883232900317,0.3358345652779891,0.1080060134034992,19592.24691537531,1019.9199062515457,5.960706963828696
132.0,0.6576776226084285,0.1763327079638331,0.25871613665118665,0.04724129202719917,19480.49833819192,1023.8932516773069,5.97031979657866
132.0,0.7127492357449021,0.0683280805107647,0.358108364369485,0.1401537648343228,19997.475300067978,1007.8717747450758,5.8184327777124825
132.0,0.509439535609394,0.03507790796438388,0.2558800584027036,0.07342402138389473,19159.998845700957,1033.252590152765,6.092263393277907
132.0,0.6195207355373878,0.12868251663861147,0.2501133954227779,0.017937993494062547,19252.364143694213,1030.9513113281341,6.04635077866531
132.0,0.7396666857055579,0.12693086500365375,0.3670744808285846,0.07051171486097904,19923.655530237822,1010.4297544135379,5.819651679838639
132.0,0.6198318487008083,0.05157375681948479,0.2501133954227779,0.0069213596731581666,19121.558506075424,1035.0337464380414,6.0835393140289495
132.0,0.7284041421355599,0.09815022200147643,0.40145689658458983,0.0789314004229699,19997.646541386126,1008.2341332961802,5.797531782344401
132.0,0.5317481244258622,0.17437053200841138,0.2501855148565758,0.23460800984973443,19851.144684325827,1011.5460427548487,5.947179536503649
132.0,0.5099562696182502,0.10433112505044988,0.3699628919667936,0.13488610009840968,19765.52956045777,1014.6529647610597,5.904264809300089
132.0,0.5322244588855558,0.07598463770915398,0.25314372405355084,0.23587942862804823,19730.21283886052,1015.3520489404791,5.963274960211817
132.0,0.575558195443381,0.17432265101526703,0.2728777844832424,0.2322514393597257,19976.938332389225,1007.8073565385126,5.9041295937407074
132.0,0.7398295771528883,0.23027647014337932,0.3075544230106051,0.017575423100854984,19721.833270487852,1016.9557174043941,5.86843271555802
132.0,0.508795906827066,0.0070489203495757435,0.251244517247749,0.018890412336258933,18952.813539146613,1039.9234655256855,6.143409848740649
132.0,0.5173590798851763,0.15461135706409057,0.33470148720661036,0.21553423748988437,19995.983928161757,1007.298196306062,5.856877156949411
132.0,0.7124882929319946,0.23605054414444196,0.2828459864987931,0.003011405738152265,19572.905112014705,1021.5962445570749,5.913986627280351
132.0,0.6711636091430933,0.14503209387654475,0.3843285266083716,0.04405521185083698,19815.190387413888,1013.8432421078297,5.861275004087854
132.0,0.7396538236711363,0.12631695005388008,0.40373867888684867,0.014726790599430634,19855.905812613877,1012.9474114404043,5.828532240256668
132.0,0.5107044747589911,0.165716691536545,0.25765321472555974,0.13514449995665892,19521.69313907882,1021.8301133011748,6.006755443010483
132.0,0.7396538236711363,0.12930304635657827,0.2520098556084877,0.0003516958080405641,19373.720706018208,1027.6226652707815,5.97401534771509
132.0,0.7460721286512983,0.1524732887000564,0.429365202030161,0.014032205467693315,19976.58630559794,1009.3603818328979,5.789427880463133
144.0,0.6148458721044974,0.30134906217115953,0.16220333299577563,0.1721487525093255,19690.021772043114,1017.0567983973011,5.900201682367592
144.0,0.7334437719542756,0.2629409055493794,0.024309934011938455,0.21540011615836815,19541.68000892929,1022.2034182672251,5.902495473646244
144.0,0.7498307929738054,0.465594048095547,0.16717040113594905,0.11524906182158738,19950.129858656106,1010.1968206053612,5.7620002517531415
144.0,0.6292544037457163,0.33366749132972595,0.16968165670821672,0.20150578976084976,19869.60620073426,1011.5403839860219,5.844974048081745
144.0,0.7321051151267037,0.4647548567611614,0.11937659978922707,0.11899712220275552,19791.84744627148,1015.1977114650979,5.799812882460115
144.0,0.5290935763829725,0.33465923530025055,0.13795975347093237,0.15268228467268752,19481.318287116523,1023.4558041011263,5.973913064149927
144.0,0.5454985049687312,0.35194590710687224,0.17233911067861646,0.219450875342749,19835.685807481168,1012.3465954499939,5.89461486805909
144.0,0.6297917762095806,0.3025363160659856,0.24928073483109753,0.1721487525093255,19972.99559433097,1008.300648762252,5.843926761957876
144.0,0.735462199966819,0.4403962423892096,0.06147052257946878,0.0904552583259025,19506.725376305465,1024.367754084182,5.871503662734995
144.0,0.7366369403922352,0.3172588251442311,0.034790881526802264,0.2443262912853304,19739.47516339796,1016.1261592440289,5.840790493010646
144.0,0.7362617705210521,0.4564684316068329,0.126501416895257,0.17836264639274588,19996.180984673072,1008.5277469641951,5.753095806388082
144.0,0.5987861072773286,0.4723077690761692,0.12027790177591181,0.2411666056117695,19994.84676458368,1008.0906673783603,5.796364587431194
144.0,0.6573726536065476,0.4404172272448499,0.23096876396945334,0.09642734542060924,19909.370531226523,1011.1333705046942,5.796071261315033
144.0,0.5133979028245186,0.2714073671631424,0.16126652318321497,0.2175306737454743,19640.498464604036,1018.1045395637159,5.9791631532218075
144.0,0.5292652174145033,0.2505451660218234,0.24689367902735188,0.18368935423912636,19781.692296671485,1013.8014347315132,5.954285843119272
144.0,0.5291623026502388,0.3356166946097358,0.10236851786807635,0.03361922467435674,19030.24054693257,1038.1752753104934,6.072688706323139
144.0,0.7074239325002794,0.3139510057655193,0.07307523633876475,0.02192643680200278,19131.0776612361,1035.8218862930864,5.985703823799584
144.0,0.5216421551638526,0.2691553385179211,0.09048778940879201,0.13766055728887416,19206.241719142985,1031.949700117675,6.062155315057094
144.0,0.7367299794732882,0.4498654071167505,0.03339919926285123,0.14854112395531344,19617.9762959574,1020.7837743048428,5.845684969489877
144.0,0.5321242462784603,0.25637767652264853,0.049043792994057776,0.05608300823701305,18855.267985170012,1043.4115586165267,6.143160726124535
144.0,0.6164347382384173,0.313723389567766,0.01819094074477405,0.1678848247779038,19282.773872894908,1030.241169303968,5.982251872976159
144.0,0.5500057587387501,0.29101321861476565,0.24796937084049292,0.22386559154967367,19999.214834438964,1007.1454049600725,5.900777409538362
144.0,0.7132888977433919,0.45775636306057943,0.03983825052065639,0.03329723375275468,19265.402218235227,1032.4266865740797,5.939280878085708
144.0,0.5052077807153913,0.2686493945917801,0.0015969950243668457,0.010220769786470841,18581.93605281748,1052.391947913362,6.21605241826982
144.0,0.7117529837383504,0.4551187289416507,0.022421338825735382,0.0908446868599997,19382.45091345472,1028.461627784754,5.907451089349604
144.0,0.6650158564170771,0.44139482069411845,0.0015969950243668457,0.005439665404494472,18991.75993017801,1041.15920300828,6.021463298513773
144.0,0.6662498479688803,0.27010813967884767,0.0005407249526874318,0.019235233694035153,18816.33238838824,1045.705482671469,6.089912580692701
144.0,0.5268192955612137,0.2513402478690159,0.13819344274744097,0.15140305175675994,19365.17649833136,1026.825336048212,6.035821824149355
160.0,0.7044867634323893,0.5020937698315043,0.1077406661264384,0.13800552145884243,19827.769015958096,1014.1391437221738,5.794803270314553
160.0,0.5052909540260122,0.5072105392160604,0.10516726423214671,0.08325456152454193,19372.16669587266,1027.896268502991,5.960745481552409
160.0,0.7211510616678114,0.5252186680780226,0.12212079648074115,0.14539541173132142,19950.96374247958,1010.3728874522521,5.765317889200973
160.0,0.6698522328772459,0.558874930163832,0.10103709298198323,0.16085902081605255,19907.29165375631,1011.7688529095357,5.784816800231175
160.0,0.6534345003661917,0.5322196490286182,0.034941045600683784,0.20667769092224678,19794.082657787996,1015.2310481904747,5.818902653286828
160.0,0.7211510616678114,0.5249921138950419,0.13802484837882245,0.14539541173132142,19998.66480784419,1008.8382770351195,5.754057814857643
160.0,0.5049443957410895,0.5021649588251479,0.12953208740313654,0.23809030317186608,19914.341755834022,1010.3720509687118,5.847940885378221
160.0,0.5283030740831577,0.5400609519427753,0.146144844070539,0.1450731906786593,19757.006599095297,1015.7518880172435,5.8627052925274565
160.0,0.5065189696753236,0.5020256685756037,0.10837019611962699,0.2414596235126866,19863.83111378539,1011.9927991532923,5.857765867581098
160.0,0.5016963389141833,0.5045514927358704,0.02707538974187454,0.06749258091894256,19099.291951048468,1036.8102902383014,6.031367091815936
160.0,0.6013603996869323,0.5688451083971385,0.13060716163110786,0.08097596244486156,19657.560280482707,1019.6587161989178,5.859711390035956
160.0,0.577481205336856,0.5227913714496975,0.11110632010636672,0.06533018634672337,19457.508560016202,1025.711464772625,5.914728640366789
160.0,0.5189006513425808,0.502408173051262,0.09178413687960459,0.1900422936433317,19672.378999641638,1018.1604088861054,5.890961603675263
160.0,0.7041452685814709,0.5249657659328003,0.052638760600374146,0.08605263808443814,19535.967386164793,1023.8810140434966,5.871513754210836
160.0,0.6811482744569876,0.5227913714496975,0.006079964774269975,0.07830547146726564,19344.462955016817,1030.0927227736813,5.926262500087525
160.0,0.5773698070102207,0.5319366486491474,0.11110632010636672,0.19915382851339128,19884.31503982525,1011.8448673093487,5.818158991200889
160.0,0.5283030740831577,0.5425688517461128,0.22039639906982178,0.1450731906786593,19982.35488394222,1008.6559027732255,5.818015228108285
160.0,0.6659129589374458,0.5000035982910717,0.002877455534780138,0.0021563785772761024,19061.079473549515,1039.3497621361362,6.006005680703379
160.0,0.5477943722235519,0.5383767829002047,0.09986578201717006,0.009199147371102029,19236.69710317001,1032.9913972661307,5.983277564714186
160.0,0.5884979217041393,0.5687021963340921,0.10702463997903305,0.21761590432464978,19998.74402324485,1008.4706824678499,5.788854645080724
160.0,0.7029634522290287,0.5139207984605014,0.10633045701893178,0.09202166664965428,19693.744174324638,1018.6200795168616,5.8285514289003935
160.0,0.5045618520749126,0.5228663934298488,0.018264850283605336,0.0027132778488855036,18915.635253987733,1043.171992129879,6.081432566214774
160.0,0.5044583140729672,0.5043575481258559,0.11134238039400297,0.14790813265860087,19581.094332462002,1021.0402444713056,5.9133614897159985
192.0,0.990808132471489,0.05305425395539044,0.13723759476836392,0.2239331096202011,19991.36269269127,1007.144261282546,5.820876505934848
192.0,0.8443458198782389,0.24721428214628638,0.07763660442066664,0.15081168720847135,19635.812987286674,1019.3263779103488,5.861075957128992
192.0,0.953562250058953,0.012712592003675,0.12793414464477032,0.22522681778561288,19856.549497614356,1011.6142799076536,5.851093403420652
192.0,0.8426687045934387,0.04174553622949389,0.02102659150098072,0.19306017012506047,19327.58337276281,1028.677030811077,5.969474610297514
192.0,0.9077483756409895,0.15758359670329147,0.09917508684202522,0.2206669442290586,19888.30027173937,1010.893715613129,5.821285518394449
192.0,0.8066335846985762,0.24898517504475504,0.11891826690914337,0.0571381050784751,19417.544936056984,1026.4565147020671,5.914587296744093
192.0,0.7504978997264209,0.02111183796604961,0.1141309603478378,0.21082394879848548,19489.161076603457,1023.2749931551101,5.956118246485236
192.0,0.8442090073139101,0.24639694005267393,0.11860164763398313,0.1623863036129345,19790.887073323844,1014.3213109648084,5.825216417675854
192.0,0.8437252568352123,0.24786700256757585,0.09729319284765467,0.2280401856564034,19936.342919588693,1009.6850160263357,5.797479846854559
192.0,0.8043600656462453,0.11213579427409767,0.03277090851863512,0.011108731028388982,18867.11608158638,1043.8832235720686,6.077495339948839
192.0,0.7500006345119681,0.021681209918424024,0.025649876598713206,0.18908204058385022,19174.53075613617,1033.3188524829084,6.025988010227804
192.0,0.9487092636155905,0.24522737219712912,0.1432799574174493,0.15619211638510688,19997.945229300527,1007.4845088644205,5.787081393877079
192.0,0.8283511599283477,0.24301808105427158,0.07516318680827885,0.007192207037533732,19168.623260037395,1034.7219352227726,5.980309879133859
192.0,0.7549190951961022,0.016324787176758386,0.009433862906071809,0.012897500412107032,18628.528559061913,1051.1641265477742,6.157844929104737
192.0,0.7571041005521278,0.0028011763670341937,0.07562334702807329,0.03860372694859221,18861.875411800655,1043.4670112234267,6.096393281497757
192.0,0.9945319338072661,0.0010687772195070236,0.06282207692933361,0.2137640711372271,19672.00945787303,1017.2894624184737,5.899160635862829
192.0,0.916236755584218,0.09002297553179651,0.1432799574174493,0.15619211638510688,19736.197262909496,1015.6053639538889,5.860320885902051
192.0,0.8012937635646623,0.09328237822177024,0.11592261426751806,0.17519982229410336,19553.79304572959,1021.3925615979572,5.912271741769777
192.0,0.7523981230435354,0.038193984411826434,0.11517730638371995,0.03860372694859221,19006.553036859437,1038.8637615940777,6.057912845605318
208.0,0.953873946176811,0.25521967475875523,0.09966355174196541,0.15586310383948188,19887.17337096949,1011.0462316109181,5.813321622607077
208.0,0.9934210429132565,0.27674970328617915,0.030756043201255488,0.09286881214506602,19574.66196237303,1021.1948261875481,5.907083446505233
208.0,0.8399345630560623,0.28337634515121574,0.20826795073254206,0.12763694677522106,19994.040806382363,1008.0866908171384,5.774717524501131
208.0,0.8192739776090809,0.2926156930909991,0.07839451818102243,0.1380083866577857,19623.532605714994,1019.9015948501384,5.854127127122979
208.0,0.7608366094508175,0.26305541482503975,0.04076888530176969,0.07187747375033357,19196.203505425623,1033.5495010908328,5.971101435835626
208.0,0.7595747912798306,0.36692014720324506,0.043257215926832224,0.06316480059697416,19310.04615214453,1030.4693351349304,5.924927402515667
208.0,0.9998142132854897,0.2593465809733737,0.14204496161456234,0.11966249585093071,19972.9628592168,1008.07585787438,5.808000810192757
208.0,0.9992942867530319,0.25357907257138196,0.1161016970696508,0.1044659676406187,19838.179260821416,1012.426363240485,5.84044792665774
208.0,0.7908183075342107,0.4848887073845024,0.12786148165954644,0.12754055746561907,19958.940712823558,1010.0944933944465,5.760153454261566
208.0,0.7878007147178783,0.46634626067730434,0.11277416358184411,0.11581445571393649,19846.326999780693,1013.6286332097498,5.786107642404968
208.0,0.9972317288225502,0.2504635732838716,0.007688875250280608,0.09059567309984876,19471.830961951997,1024.4655797060768,5.937949659557786
208.0,0.7669819315832893,0.365827068473373,0.08628909810147292,0.21634674191944797,19915.806024239835,1010.7185358051432,5.780842627067357
208.0,0.9945523788315853,0.26263946470903426,0.002711439483018635,0.15903783980126873,19679.776149072026,1017.6932694236938,5.884508735792434
208.0,0.7708812704131548,0.38440898576072347,0.11838637015335478,0.05460770330263687,19537.13268631077,1023.2216505507732,5.864452999794253
208.0,0.7581375522640195,0.32267205467073007,0.018734958805278534,0.03229544325859486,19092.111568145632,1037.415370544664,5.989139382017706
208.0,0.9806934854196439,0.251634451081619,0.006281527108727009,0.061734420935329264,19359.245567981714,1028.29619392252,5.961402646935848
208.0,0.75116855808483,0.25028661151210535,0.08058612648653697,0.0004605427440663029,19067.853017224166,1037.794357012937,6.010639366697987
208.0,0.7778474809532102,0.46925669642023493,0.12788773347960258,0.1522312522075273,19996.789611688866,1008.7222489604147,5.749849234433675
208.0,0.7711680445226224,0.2822616331515716,0.08934698515890811,0.09301740810488911,19435.377825197327,1025.8542607891707,5.904731906307964
208.0,0.8438845939575137,0.3225982686993473,0.07851372342414127,0.16372312447096637,19780.236213809156,1015.0115263548649,5.812729512640433
208.0,0.9754730650136936,0.25517350876535716,0.12683243781630876,0.07669287551852044,19750.26953093053,1015.4746852455214,5.853288956731731
208.0,0.7731230543430467,0.41145980001130594,0.10877200286851643,0.10427984818099595,19701.794993624226,1017.9445838369,5.82067481134883
208.0,0.7525896096601301,0.2524069127159623,0.005897155242975974,0.001813419532162061,18873.928896470974,1044.2211756889155,6.062478310147514
